timestamp,event
2026-05-04 14:42:27,Log cleared
2026-05-04 14:42:30,Move: backward
2026-05-04 14:42:30,Move: backward
2026-05-04 14:42:30,Move: backward
2026-05-04 14:42:31,Move: forward
2026-05-04 14:42:31,Move: forward
2026-05-04 14:42:32,Move: left
2026-05-04 14:42:32,Move: left
2026-05-04 14:42:32,Move: left
2026-05-04 14:42:32,Move: left
2026-05-04 14:42:32,Move: left
2026-05-04 14:42:32,Move: left
2026-05-04 14:42:33,Move: left
2026-05-04 14:42:33,Move: right
2026-05-04 14:42:33,Move: right
2026-05-04 14:42:33,Move: left
2026-05-04 14:42:33,Move: left
2026-05-04 14:42:34,Move: left
2026-05-04 14:42:34,Move: left
2026-05-04 14:42:34,Move: left
2026-05-04 14:42:34,Move: left
2026-05-04 14:42:34,Move: left
2026-05-04 14:42:34,Move: left
2026-05-04 14:42:34,Move: left
2026-05-04 14:42:34,Move: left
2026-05-04 14:42:34,Move: left
2026-05-04 14:42:35,Move: left
2026-05-04 14:42:35,Move: left
2026-05-04 14:42:35,Move: left
2026-05-04 14:42:35,Move: left
2026-05-04 14:42:35,Move: left
2026-05-04 14:42:35,Move: left
2026-05-04 14:42:36,Move: left
2026-05-04 14:42:36,Move: left
2026-05-04 14:42:36,Move: left
2026-05-04 14:42:36,Move: left
2026-05-04 14:42:36,Move: left
2026-05-04 14:42:36,Move: left
2026-05-04 14:42:36,Move: left
2026-05-04 14:42:36,Move: left
2026-05-04 14:42:37,Move: left
2026-05-04 14:42:37,Move: left
2026-05-04 14:42:37,Move: left
2026-05-04 14:42:37,Move: right
2026-05-04 14:42:37,Move: right
2026-05-04 14:42:37,Move: right
2026-05-04 14:42:37,Move: right
2026-05-04 14:42:38,Move: right
2026-05-04 14:42:38,Move: right
2026-05-04 14:42:38,Move: right
2026-05-04 14:42:38,Move: right
2026-05-04 14:42:38,Move: right
2026-05-04 14:42:38,Move: right
2026-05-04 14:42:38,Move: right
2026-05-04 14:42:39,Move: right
2026-05-04 14:42:39,Move: right
2026-05-04 14:42:39,Move: right
2026-05-04 14:42:39,Move: right
2026-05-04 14:42:39,Move: right
2026-05-04 14:42:40,Move: right
2026-05-04 14:42:40,Move: right
2026-05-04 14:42:40,Move: right
2026-05-04 14:42:40,Move: right
2026-05-04 14:42:40,Move: right
2026-05-04 14:42:40,Move: right
2026-05-04 14:42:40,Move: right
2026-05-04 14:42:40,Move: right
2026-05-04 14:42:40,Move: right
2026-05-04 14:42:40,Move: right
2026-05-04 14:42:40,Move: right
2026-05-04 14:42:41,Move: right
2026-05-04 14:42:41,Move: right
2026-05-04 14:42:41,Move: right
2026-05-04 14:42:41,Move: right
2026-05-04 14:42:41,Move: right
2026-05-04 14:42:41,Move: right
2026-05-04 14:42:41,Move: right
2026-05-04 14:42:41,Move: right
2026-05-04 14:42:41,Move: right
2026-05-04 14:42:41,Move: right
2026-05-04 14:42:41,Move: right
2026-05-04 14:42:41,Move: right
2026-05-04 14:42:41,Move: right
2026-05-04 14:42:41,Move: right
2026-05-04 14:42:41,Move: right
2026-05-04 14:42:42,Move: right
2026-05-04 14:42:42,Move: right
2026-05-04 14:42:42,Move: right
2026-05-04 14:42:42,Move: right
2026-05-04 14:42:42,Move: right
2026-05-04 14:42:42,Move: right
2026-05-04 14:42:42,Move: right
2026-05-04 14:42:42,Move: right
2026-05-04 14:42:42,Move: right
2026-05-04 14:42:42,Move: right
2026-05-04 14:42:42,Move: right
2026-05-04 14:42:42,Move: right
2026-05-04 14:42:43,Move: right
2026-05-04 14:42:43,Move: right
2026-05-04 14:42:43,Move: right
2026-05-04 14:42:43,Move: right
2026-05-04 14:42:43,Move: right
2026-05-04 14:42:43,Move: right
2026-05-04 14:42:43,Move: right
2026-05-04 14:42:43,Move: right
2026-05-04 14:42:43,Move: right
2026-05-04 14:42:43,Move: right
2026-05-04 14:42:43,Move: right
2026-05-04 14:42:43,Move: right
2026-05-04 14:42:44,Move: right
2026-05-04 14:42:44,Move: right
2026-05-04 14:42:44,Move: right
2026-05-04 14:42:44,Move: right
2026-05-04 14:42:44,Move: right
2026-05-04 14:42:44,Move: right
2026-05-04 14:42:44,Move: right
2026-05-04 14:42:44,Move: right
2026-05-04 14:42:44,Move: right
2026-05-04 14:42:44,Move: right
2026-05-04 14:42:44,Move: right
2026-05-04 14:42:44,Move: right
2026-05-04 14:42:44,Move: right
2026-05-04 14:42:45,Move: right
2026-05-04 14:42:45,Move: right
2026-05-04 14:42:45,Move: right
2026-05-04 14:42:45,Move: right
2026-05-04 14:42:45,Move: right
2026-05-04 14:42:45,Move: right
2026-05-04 14:42:45,Move: right
2026-05-04 14:42:45,Move: right
2026-05-04 14:42:45,Move: right
2026-05-04 14:42:45,Move: right
2026-05-04 14:42:45,Move: right
2026-05-04 14:42:45,Move: right
2026-05-04 14:42:46,Move: right
2026-05-04 14:42:46,Move: right
2026-05-04 14:42:46,Move: right
2026-05-04 14:42:46,Move: left
2026-05-04 14:42:46,Move: left
2026-05-04 14:42:46,Move: left
2026-05-04 14:42:51,Speed: 95
2026-05-04 14:42:51,Move: left
2026-05-04 14:42:51,Move: left
2026-05-04 14:42:51,Move: left
2026-05-04 14:42:51,Move: left
2026-05-04 14:42:52,Move: left
2026-05-04 14:42:52,Move: left
2026-05-04 14:42:52,Move: left
2026-05-04 14:42:52,Move: left
2026-05-04 14:42:52,Move: left
2026-05-04 14:42:52,Move: left
2026-05-04 14:42:52,Move: left
2026-05-04 14:42:52,Move: left
2026-05-04 14:42:53,Move: left
2026-05-04 14:42:53,Move: left
2026-05-04 14:42:53,Move: left
2026-05-04 14:42:53,Move: left
2026-05-04 14:42:53,Move: left
2026-05-04 14:42:53,Move: left
2026-05-04 14:42:53,Move: left
2026-05-04 14:42:53,Move: left
2026-05-04 14:42:53,Move: left
2026-05-04 14:42:53,Move: left
2026-05-04 14:42:53,Move: left
2026-05-04 14:42:54,Move: left
2026-05-04 14:42:56,Move: right
2026-05-04 14:42:56,Move: left
2026-05-04 14:42:56,Move: right
2026-05-04 14:42:56,Move: left
2026-05-04 14:42:56,Move: right
2026-05-04 14:42:56,Move: left
2026-05-04 14:42:56,Move: right
2026-05-04 14:42:56,Move: left
2026-05-04 14:42:56,Move: right
2026-05-04 14:42:56,Move: left
2026-05-04 14:42:56,Move: right
2026-05-04 14:42:56,Move: left
2026-05-04 14:42:57,Move: right
2026-05-04 14:42:57,Move: left
2026-05-04 14:42:57,Move: right
2026-05-04 14:42:57,Move: left
2026-05-04 14:42:57,Move: right
2026-05-04 14:42:57,Move: left
2026-05-04 14:42:57,Move: right
2026-05-04 14:42:57,Move: left
2026-05-04 14:42:57,Move: right
2026-05-04 14:42:57,Move: left
2026-05-04 14:42:57,Move: right
2026-05-04 14:42:57,Move: left
2026-05-04 14:42:57,Move: right
2026-05-04 14:42:57,Move: left
2026-05-04 14:42:57,Move: right
2026-05-04 14:42:57,Move: right
2026-05-04 14:42:57,Move: left
2026-05-04 14:42:57,Move: right
2026-05-04 14:42:57,Move: left
2026-05-04 14:42:57,Move: right
2026-05-04 14:42:57,Move: left
2026-05-04 14:42:57,Move: right
2026-05-04 14:42:57,Move: right
2026-05-04 14:42:58,Move: right
2026-05-04 14:42:58,Move: right
2026-05-04 14:42:58,Move: right
2026-05-04 14:42:58,Move: right
2026-05-04 14:42:58,Move: right
2026-05-04 14:42:58,Move: right
2026-05-04 14:42:58,Move: right
2026-05-04 14:42:58,Move: right
2026-05-04 14:42:58,Move: right
2026-05-04 14:42:58,Move: right
2026-05-04 14:42:59,Move: right
2026-05-04 14:42:59,Move: right
2026-05-04 14:42:59,Move: backward
2026-05-04 14:42:59,Move: backward
2026-05-04 14:43:00,Move: forward
2026-05-04 14:43:00,Move: forward
2026-05-04 14:43:01,Move: forward
2026-05-04 14:43:02,Speed: 93
2026-05-04 14:43:04,Move: left
2026-05-04 14:43:04,Move: left
2026-05-04 14:43:04,Move: left
2026-05-04 14:43:05,Move: left
2026-05-04 14:43:07,Move: right
2026-05-04 14:43:07,Move: right
2026-05-04 14:43:07,Move: right
2026-05-04 14:43:09,Move: backward
2026-05-04 14:43:09,Move: backward
2026-05-04 14:43:11,Move: left
2026-05-04 14:43:11,Move: left
2026-05-04 14:43:11,Move: left
2026-05-04 14:43:11,Move: left
2026-05-04 14:43:11,Move: left
2026-05-04 14:43:11,Move: left
2026-05-04 14:43:11,Move: left
2026-05-04 14:43:11,Move: left
2026-05-04 14:43:12,Move: left
2026-05-04 14:43:12,Move: right
2026-05-04 14:43:12,Move: right
2026-05-04 14:43:12,Move: right
2026-05-04 14:43:13,Move: forward
2026-05-04 14:43:13,Move: forward
2026-05-04 14:43:13,Move: forward
2026-05-04 14:43:13,Move: forward
2026-05-04 14:43:13,Move: forward
2026-05-04 14:43:14,Move: forward
2026-05-04 14:43:14,Move: right
2026-05-04 14:43:14,Move: right
2026-05-04 14:43:15,Move: left
2026-05-04 14:43:15,Move: left
2026-05-04 14:43:16,Move: right
2026-05-04 14:43:16,Move: right
2026-05-04 14:43:16,Move: right
2026-05-04 14:43:16,Move: right
2026-05-04 14:43:16,Move: left
2026-05-04 14:43:16,Move: left
2026-05-04 14:43:17,Move: left
2026-05-04 14:43:17,Move: left
2026-05-04 14:43:17,Move: forward
2026-05-04 14:43:17,Move: forward
2026-05-04 14:43:17,Move: forward
2026-05-04 14:43:17,Move: forward
2026-05-04 14:43:18,Move: forward
2026-05-04 14:43:18,Move: forward
2026-05-04 14:43:18,Move: forward
2026-05-04 14:43:18,Move: forward
2026-05-04 14:43:18,Move: right
2026-05-04 14:43:18,Move: right
2026-05-04 14:43:18,Move: left
2026-05-04 14:43:18,Move: left
2026-05-04 14:43:18,Move: left
2026-05-04 14:43:19,Move: left
2026-05-04 14:43:19,Move: left
2026-05-04 14:43:19,Move: right
2026-05-04 14:43:19,Move: right
2026-05-04 14:43:19,Move: right
2026-05-04 14:43:19,Move: left
2026-05-04 14:43:19,Move: left
2026-05-04 14:43:19,Move: left
2026-05-04 14:43:19,Move: left
2026-05-04 14:43:20,Move: left
2026-05-04 14:43:20,Move: right
2026-05-04 14:43:20,Move: right
2026-05-04 14:43:20,Move: left
2026-05-04 14:43:20,Move: left
2026-05-04 14:43:20,Move: right
2026-05-04 14:43:20,Move: right
2026-05-04 14:43:20,Move: right
2026-05-04 14:43:20,Move: right
2026-05-04 14:43:20,Move: left
2026-05-04 14:43:20,Move: left
2026-05-04 14:43:21,Move: left
2026-05-04 14:43:21,Move: left
2026-05-04 14:43:21,Move: right
2026-05-04 14:43:21,Move: right
2026-05-04 14:43:21,Move: right
2026-05-04 14:43:21,Move: right
2026-05-04 14:43:21,Move: left
2026-05-04 14:43:21,Move: left
2026-05-04 14:43:21,Move: left
2026-05-04 14:43:21,Move: right
2026-05-04 14:43:21,Move: right
2026-05-04 14:43:21,Move: right
2026-05-04 14:43:21,Move: right
2026-05-04 14:43:22,Move: left
2026-05-04 14:43:22,Move: left
2026-05-04 14:43:22,Move: right
2026-05-04 14:43:22,Move: right
2026-05-04 14:43:22,Move: left
2026-05-04 14:43:22,Move: right
2026-05-04 14:43:22,Move: left
2026-05-04 14:43:22,Move: right
2026-05-04 14:43:23,Move: left
2026-05-04 14:43:23,Move: right
2026-05-04 14:43:23,Move: left
2026-05-04 14:43:23,Move: right
2026-05-04 14:43:23,Move: right
2026-05-04 14:43:23,Move: right
2026-05-04 14:43:23,Move: right
2026-05-04 14:43:24,Move: left
2026-05-04 14:43:24,Move: left
2026-05-04 14:43:24,Move: left
2026-05-04 14:43:24,Move: right
2026-05-04 14:43:24,Move: right
2026-05-04 14:43:24,Move: right
2026-05-04 14:43:25,Move: right
2026-05-04 14:43:25,Move: right
2026-05-04 14:43:25,Move: right
2026-05-04 14:43:25,Move: right
2026-05-04 14:43:25,Move: right
2026-05-04 14:43:25,Move: forward
2026-05-04 14:43:25,Move: forward
2026-05-04 14:43:26,Move: forward
2026-05-04 14:43:26,Move: forward
2026-05-04 14:43:26,Move: left
2026-05-04 14:43:26,Move: left
2026-05-04 14:43:26,Move: right
2026-05-04 14:43:27,Move: right
2026-05-04 14:43:27,Move: left
2026-05-04 14:43:27,Move: left
2026-05-04 14:43:28,Move: right
2026-05-04 14:43:28,Move: right
2026-05-04 14:43:28,Move: right
2026-05-04 14:43:28,Move: backward
2026-05-04 14:43:29,Move: backward
2026-05-04 14:43:29,Move: backward
2026-05-04 14:43:29,Move: backward
2026-05-04 14:43:29,Move: forward
2026-05-04 14:43:29,Move: forward
2026-05-04 14:43:29,Move: forward
2026-05-04 14:43:30,Move: right
2026-05-04 14:43:30,Move: forward
2026-05-04 14:43:30,Move: forward
2026-05-04 14:43:30,Move: forward
2026-05-04 14:43:30,Move: forward
2026-05-04 14:43:30,Move: forward
2026-05-04 14:43:30,Move: right
2026-05-04 14:43:30,Move: right
2026-05-04 14:43:30,Move: right
2026-05-04 14:43:30,Move: right
2026-05-04 14:43:30,Move: right
2026-05-04 14:43:31,Move: right
2026-05-04 14:43:31,Move: right
2026-05-04 14:43:31,Move: right
2026-05-04 14:43:31,Move: right
2026-05-04 14:43:31,Move: right
2026-05-04 14:43:31,Move: right
2026-05-04 14:43:31,Move: right
2026-05-04 14:43:32,Move: right
2026-05-04 14:43:32,Move: right
2026-05-04 14:43:32,Move: right
2026-05-04 14:43:32,Move: right
2026-05-04 14:43:32,Move: right
2026-05-04 14:43:32,Move: right
2026-05-04 14:43:32,Move: right
2026-05-04 14:43:32,Move: right
2026-05-04 14:43:33,Move: backward
2026-05-04 14:43:33,Move: backward
2026-05-04 14:43:33,Move: backward
2026-05-04 14:43:33,Move: backward
2026-05-04 14:43:33,Move: backward
2026-05-04 14:43:33,Move: backward
2026-05-04 14:43:33,Move: backward
2026-05-04 14:43:34,Move: backward
2026-05-04 14:43:34,Move: right
2026-05-04 14:43:34,Move: backward
2026-05-04 14:43:34,Move: backward
2026-05-04 14:43:34,Move: backward
2026-05-04 14:43:34,Move: left
2026-05-04 14:43:35,Move: left
2026-05-04 14:43:35,Move: left
2026-05-04 14:43:35,Move: left
2026-05-04 14:43:35,Move: left
2026-05-04 14:43:35,Move: left
2026-05-04 14:43:35,Move: left
2026-05-04 14:43:35,Move: left
2026-05-04 14:43:35,Move: forward
2026-05-04 14:43:35,Move: forward
2026-05-04 14:43:35,Move: forward
2026-05-04 14:43:35,Move: forward
2026-05-04 14:43:35,Move: forward
2026-05-04 14:43:35,Move: forward
2026-05-04 14:43:36,Move: forward
2026-05-04 14:43:36,Move: right
2026-05-04 14:43:36,Move: left
2026-05-04 14:43:36,Move: left
2026-05-04 14:43:36,Move: left
2026-05-04 14:43:37,Move: left
2026-05-04 14:43:37,Move: left
2026-05-04 14:43:37,Move: left
2026-05-04 14:43:37,Move: left
2026-05-04 14:43:37,Move: left
2026-05-04 14:43:37,Move: left
2026-05-04 14:43:37,Move: left
2026-05-04 14:43:37,Move: left
2026-05-04 14:43:37,Move: left
2026-05-04 14:43:37,Move: left
2026-05-04 14:43:37,Move: left
2026-05-04 14:43:37,Move: left
2026-05-04 14:43:37,Move: left
2026-05-04 14:43:38,Move: left
2026-05-04 14:43:38,Move: forward
2026-05-04 14:43:38,Move: forward
2026-05-04 14:43:38,Move: forward
2026-05-04 14:43:38,Move: left
2026-05-04 14:43:38,Move: left
2026-05-04 14:43:38,Move: left
2026-05-04 14:43:38,Move: left
2026-05-04 14:43:38,Move: forward
2026-05-04 14:43:38,Move: forward
2026-05-04 14:43:39,Move: forward
2026-05-04 14:43:39,Move: forward
2026-05-04 14:43:39,Move: forward
2026-05-04 14:43:39,Move: forward
2026-05-04 14:43:39,Move: forward
2026-05-04 14:43:39,Move: forward
2026-05-04 14:43:39,Move: right
2026-05-04 14:43:39,Move: forward
2026-05-04 14:43:39,Move: right
2026-05-04 14:43:39,Move: forward
2026-05-04 14:43:39,Move: right
2026-05-04 14:43:39,Move: right
2026-05-04 14:43:40,Move: left
2026-05-04 14:43:40,Move: left
2026-05-04 14:43:40,Move: left
2026-05-04 14:43:40,Move: left
2026-05-04 14:43:40,Move: left
2026-05-04 14:43:40,Move: left
2026-05-04 14:43:40,Move: left
2026-05-04 14:43:41,Move: left
2026-05-04 14:43:41,Move: left
2026-05-04 14:43:41,Move: left
2026-05-04 14:43:41,Move: left
2026-05-04 14:43:41,Move: left
2026-05-04 14:43:41,Move: left
2026-05-04 14:43:41,Move: left
2026-05-04 14:43:41,Move: forward
2026-05-04 14:43:41,Move: forward
2026-05-04 14:43:41,Move: left
2026-05-04 14:43:42,Move: left
2026-05-04 14:43:42,Move: left
2026-05-04 14:43:42,Move: left
2026-05-04 14:43:42,Move: left
2026-05-04 14:43:42,Move: forward
2026-05-04 14:43:42,Move: forward
2026-05-04 14:43:43,Move: forward
2026-05-04 14:43:43,Move: forward
2026-05-04 14:43:43,Move: forward
2026-05-04 14:43:43,Move: right
2026-05-04 14:43:43,Move: right
2026-05-04 14:43:43,Move: forward
2026-05-04 14:43:43,Move: forward
2026-05-04 14:43:43,Move: forward
2026-05-04 14:43:45,Move: left
2026-05-04 14:43:45,Move: left
2026-05-04 14:43:45,Move: left
2026-05-04 14:43:45,Move: left
2026-05-04 14:43:45,Move: left
2026-05-04 14:43:45,Move: left
2026-05-04 14:43:45,Move: left
2026-05-04 14:43:45,Move: left
2026-05-04 14:43:45,Move: left
2026-05-04 14:43:45,Move: left
2026-05-04 14:43:45,Move: left
2026-05-04 14:43:45,Move: left
2026-05-04 14:43:45,Move: left
2026-05-04 14:43:46,Move: left
2026-05-04 14:43:46,Move: left
2026-05-04 14:43:46,Move: left
2026-05-04 14:43:46,Move: left
2026-05-04 14:43:46,Move: left
2026-05-04 14:43:46,Move: left
2026-05-04 14:43:46,Move: left
2026-05-04 14:43:46,Move: left
2026-05-04 14:43:46,Move: left
2026-05-04 14:43:46,Move: left
2026-05-04 14:43:46,Move: left
2026-05-04 14:43:47,Move: left
2026-05-04 14:43:47,Move: left
2026-05-04 14:43:47,Move: left
2026-05-04 14:43:47,Move: left
2026-05-04 14:43:47,Move: left
2026-05-04 14:43:47,Move: forward
2026-05-04 14:43:47,Move: left
2026-05-04 14:43:47,Move: forward
2026-05-04 14:43:47,Move: left
2026-05-04 14:43:47,Move: forward
2026-05-04 14:43:47,Move: forward
2026-05-04 14:43:47,Move: forward
2026-05-04 14:43:47,Move: forward
2026-05-04 14:43:47,Move: forward
2026-05-04 14:43:47,Move: forward
2026-05-04 14:43:48,Move: forward
2026-05-04 14:43:48,Move: forward
2026-05-04 14:43:48,Move: left
2026-05-04 14:43:48,Move: forward
2026-05-04 14:43:48,Move: forward
2026-05-04 14:43:49,Move: forward
2026-05-04 14:43:49,Move: forward
2026-05-04 14:43:49,Move: left
2026-05-04 14:43:49,Move: right
2026-05-04 14:43:49,Move: right
2026-05-04 14:43:49,Move: right
2026-05-04 14:43:49,Move: right
2026-05-04 14:43:49,Move: right
2026-05-04 14:43:49,Move: right
2026-05-04 14:43:49,Move: right
2026-05-04 14:43:49,Move: right
2026-05-04 14:43:49,Move: right
2026-05-04 14:43:50,Move: right
2026-05-04 14:43:50,Move: right
2026-05-04 14:43:50,Move: right
2026-05-04 14:43:50,Move: forward
2026-05-04 14:43:50,Move: forward
2026-05-04 14:43:50,Move: forward
2026-05-04 14:43:50,Move: forward
2026-05-04 14:43:50,Move: forward
2026-05-04 14:43:50,Move: forward
2026-05-04 14:43:50,Move: forward
2026-05-04 14:43:50,Move: forward
2026-05-04 14:43:50,Move: forward
2026-05-04 14:43:50,Move: right
2026-05-04 14:43:51,Move: right
2026-05-04 14:43:51,Move: right
2026-05-04 14:43:51,Move: right
2026-05-04 14:43:51,Move: right
2026-05-04 14:43:51,Move: right
2026-05-04 14:43:51,Move: right
2026-05-04 14:43:51,Move: right
2026-05-04 14:43:51,Move: right
2026-05-04 14:43:52,Move: right
2026-05-04 14:43:52,Move: forward
2026-05-04 14:43:52,Move: right
2026-05-04 14:43:52,Move: forward
2026-05-04 14:43:52,Move: right
2026-05-04 14:43:52,Move: right
2026-05-04 14:43:52,Move: forward
2026-05-04 14:43:52,Move: forward
2026-05-04 14:43:52,Move: forward
2026-05-04 14:43:52,Move: forward
2026-05-04 14:43:52,Move: forward
2026-05-04 14:43:52,Move: forward
2026-05-04 14:43:52,Move: forward
2026-05-04 14:43:52,Move: right
2026-05-04 14:43:53,Move: forward
2026-05-04 14:43:53,Move: forward
2026-05-04 14:43:53,Move: forward
2026-05-04 14:43:53,Move: forward
2026-05-04 14:43:54,Move: forward
2026-05-04 14:43:54,Move: forward
2026-05-04 14:43:54,Move: forward
2026-05-04 14:43:54,Move: forward
2026-05-04 14:43:54,Move: forward
2026-05-04 14:43:54,Move: forward
2026-05-04 14:43:54,Move: right
2026-05-04 14:43:54,Move: left
2026-05-04 14:43:54,Move: backward
2026-05-04 14:43:54,Move: left
2026-05-04 14:43:55,Move: backward
2026-05-04 14:43:57,Speed: 38
2026-05-04 14:43:58,Speed: 65
2026-05-04 14:44:00,Move: right
2026-05-04 14:44:00,Move: right
2026-05-04 14:44:00,Move: right
2026-05-04 14:44:00,Move: right
2026-05-04 14:44:00,Move: right
2026-05-04 14:44:00,Move: right
2026-05-04 14:44:00,Move: right
2026-05-04 14:44:00,Move: right
2026-05-04 14:44:00,Move: right
2026-05-04 14:44:00,Move: right
2026-05-04 14:44:00,Move: right
2026-05-04 14:44:01,Move: right
2026-05-04 14:44:01,Move: right
2026-05-04 14:44:01,Move: right
2026-05-04 14:44:01,Move: forward
2026-05-04 14:44:01,Move: forward
2026-05-04 14:44:01,Move: forward
2026-05-04 14:44:01,Move: forward
2026-05-04 14:44:01,Move: left
2026-05-04 14:44:01,Move: left
2026-05-04 14:44:02,Move: forward
2026-05-04 14:44:02,Move: forward
2026-05-04 14:44:02,Move: forward
2026-05-04 14:44:02,Move: forward
2026-05-04 14:44:02,Move: forward
2026-05-04 14:44:02,Move: left
2026-05-04 14:44:02,Move: forward
2026-05-04 14:44:02,Move: forward
2026-05-04 14:44:02,Move: forward
2026-05-04 14:44:03,Move: left
2026-05-04 14:44:03,Move: left
2026-05-04 14:44:03,Move: left
2026-05-04 14:44:03,Move: left
2026-05-04 14:44:03,Move: left
2026-05-04 14:44:03,Move: right
2026-05-04 14:44:03,Move: right
2026-05-04 14:44:04,Move: right
2026-05-04 14:44:04,Move: left
2026-05-04 14:44:04,Move: right
2026-05-04 14:44:04,Move: left
2026-05-04 14:44:04,Move: left
2026-05-04 14:44:04,Move: left
2026-05-04 14:44:04,Move: left
2026-05-04 14:44:04,Move: left
2026-05-04 14:44:04,Move: forward
2026-05-04 14:44:04,Move: forward
2026-05-04 14:44:04,Move: forward
2026-05-04 14:44:04,Move: forward
2026-05-04 14:44:04,Move: right
2026-05-04 14:44:05,Move: right
2026-05-04 14:44:05,Move: right
2026-05-04 14:44:05,Move: right
2026-05-04 14:44:05,Move: right
2026-05-04 14:44:05,Move: right
2026-05-04 14:44:05,Move: right
2026-05-04 14:44:05,Move: left
2026-05-04 14:44:05,Move: right
2026-05-04 14:44:05,Move: left
2026-05-04 14:44:05,Move: right
2026-05-04 14:44:05,Move: right
2026-05-04 14:44:05,Move: right
2026-05-04 14:44:06,Move: right
2026-05-04 14:44:06,Move: left
2026-05-04 14:44:06,Move: left
2026-05-04 14:44:06,Move: left
2026-05-04 14:44:06,Move: left
2026-05-04 14:44:06,Move: left
2026-05-04 14:44:06,Move: left
2026-05-04 14:44:06,Move: left
2026-05-04 14:44:06,Move: left
2026-05-04 14:44:06,Move: backward
2026-05-04 14:44:06,Move: left
2026-05-04 14:44:06,Move: left
2026-05-04 14:44:06,Move: backward
2026-05-04 14:44:07,Move: backward
2026-05-04 14:44:07,Move: backward
2026-05-04 14:44:07,Move: backward
2026-05-04 14:44:07,Move: backward
2026-05-04 14:44:07,Move: left
2026-05-04 14:44:09,Light OFF
2026-05-04 14:44:10,Move: left
2026-05-04 14:44:10,Move: left
2026-05-04 14:44:10,Move: left
2026-05-04 14:44:10,Move: left
2026-05-04 14:44:10,Move: left
2026-05-04 14:44:10,Move: left
2026-05-04 14:44:10,Move: left
2026-05-04 14:44:10,Move: left
2026-05-04 14:44:10,Move: left
2026-05-04 14:44:10,Move: left
2026-05-04 14:44:10,Move: right
2026-05-04 14:44:10,Move: right
2026-05-04 14:44:11,Move: right
2026-05-04 14:44:11,Move: right
2026-05-04 14:44:11,Move: right
2026-05-04 14:44:11,Move: right
2026-05-04 14:44:11,Move: right
2026-05-04 14:44:11,Move: right
2026-05-04 14:44:11,Move: right
2026-05-04 14:44:11,Move: right
2026-05-04 14:44:11,Move: right
2026-05-04 14:44:11,Move: right
2026-05-04 14:44:11,Move: right
2026-05-04 14:44:11,Move: forward
2026-05-04 14:44:11,Move: forward
2026-05-04 14:44:12,Move: forward
2026-05-04 14:44:12,Move: forward
2026-05-04 14:44:12,Move: forward
2026-05-04 14:44:12,Move: forward
2026-05-04 14:44:12,Move: forward
2026-05-04 14:44:12,Move: forward
2026-05-04 14:44:12,Move: forward
2026-05-04 14:44:12,Move: forward
2026-05-04 14:44:12,Move: forward
2026-05-04 14:44:12,Move: right
2026-05-04 14:44:13,Move: forward
2026-05-04 14:44:13,Move: forward
2026-05-04 14:44:13,Move: forward
2026-05-04 14:44:13,Move: forward
2026-05-04 14:44:13,Move: right
2026-05-04 14:44:13,Move: forward
2026-05-04 14:44:13,Move: backward
2026-05-04 14:44:13,Move: backward
2026-05-04 14:44:14,Move: backward
2026-05-04 14:44:14,Move: backward
2026-05-04 14:44:14,Move: backward
2026-05-04 14:44:14,Move: backward
2026-05-04 14:44:14,Move: backward
2026-05-04 14:44:14,Move: backward
2026-05-04 14:44:14,Move: backward
2026-05-04 14:44:14,Move: backward
2026-05-04 14:44:14,Move: backward
2026-05-04 14:44:15,Move: backward
2026-05-04 14:44:15,Move: backward
2026-05-04 14:44:15,Move: backward
2026-05-04 14:44:15,Move: backward
2026-05-04 14:44:15,Move: backward
2026-05-04 14:44:15,Move: backward
2026-05-04 14:44:15,Move: backward
2026-05-04 14:44:15,Move: backward
2026-05-04 14:44:15,Move: backward
2026-05-04 14:44:15,Move: backward
2026-05-04 14:44:15,Move: backward
2026-05-04 14:44:16,Move: backward
2026-05-04 14:44:16,Move: backward
2026-05-04 14:44:16,Move: backward
2026-05-04 14:44:16,Move: backward
2026-05-04 14:44:16,Move: backward
2026-05-04 14:44:16,Move: backward
2026-05-04 14:44:16,Move: right
2026-05-04 14:44:16,Move: left
2026-05-04 14:44:17,Move: left
2026-05-04 14:44:17,Move: left
2026-05-04 14:44:17,Move: left
2026-05-04 14:44:17,Move: left
2026-05-04 14:44:17,Move: left
2026-05-04 14:44:17,Move: left
2026-05-04 14:44:17,Move: left
2026-05-04 14:44:17,Move: right
2026-05-04 14:44:17,Move: right
2026-05-04 14:44:17,Move: right
2026-05-04 14:44:17,Move: right
2026-05-04 14:44:18,Move: right
2026-05-04 14:44:18,Move: right
2026-05-04 14:44:18,Move: right
2026-05-04 14:44:18,Move: forward
2026-05-04 14:44:18,Move: forward
2026-05-04 14:44:18,Move: forward
2026-05-04 14:44:18,Move: forward
2026-05-04 14:44:21,Speed: 65
2026-05-04 14:44:24,Speed: 65
2026-05-04 14:44:26,Speed: 87
2026-05-04 14:44:28,Move: forward
2026-05-04 14:44:28,Move: forward
2026-05-04 14:44:28,Move: forward
2026-05-04 14:44:28,Move: forward
2026-05-04 14:44:28,Move: right
2026-05-04 14:44:28,Move: right
2026-05-04 14:44:28,Move: right
2026-05-04 14:44:29,Move: right
2026-05-04 14:44:29,Move: right
2026-05-04 14:44:29,Move: right
2026-05-04 14:44:29,Move: right
2026-05-04 14:44:29,Move: right
2026-05-04 14:44:31,Move: backward
2026-05-04 14:44:31,Move: backward
2026-05-04 14:44:32,Move: backward
2026-05-04 14:44:32,Move: forward
2026-05-04 14:44:32,Move: forward
2026-05-04 14:44:32,Move: forward
2026-05-04 14:44:32,Move: forward
2026-05-04 14:44:32,Move: forward
2026-05-04 14:44:32,Move: forward
2026-05-04 14:44:32,Move: forward
2026-05-04 14:44:32,Move: forward
2026-05-04 14:44:33,Move: right
2026-05-04 14:44:33,Move: right
2026-05-04 14:44:33,Move: right
2026-05-04 14:44:33,Move: right
2026-05-04 14:44:33,Move: right
2026-05-04 14:44:33,Move: right
2026-05-04 14:44:33,Move: right
2026-05-04 14:44:33,Move: right
2026-05-04 14:44:33,Move: right
2026-05-04 14:44:34,Move: right
2026-05-04 14:44:34,Move: right
2026-05-04 14:44:34,Move: right
2026-05-04 14:44:34,Move: right
2026-05-04 14:44:34,Move: right
2026-05-04 14:44:34,Move: right
2026-05-04 14:44:34,Move: right
2026-05-04 14:44:34,Move: right
2026-05-04 14:44:34,Move: right
2026-05-04 14:44:35,Move: right
2026-05-04 14:44:35,Move: right
2026-05-04 14:44:35,Move: right
2026-05-04 14:44:35,Move: right
2026-05-04 14:44:35,Move: right
2026-05-04 14:44:35,Move: right
2026-05-04 14:44:35,Move: right
2026-05-04 14:44:35,Move: right
2026-05-04 14:44:35,Move: right
2026-05-04 14:44:35,Move: right
2026-05-04 14:44:35,Move: right
2026-05-04 14:44:36,Move: forward
2026-05-04 14:44:36,Move: forward
2026-05-04 14:44:36,Move: forward
2026-05-04 14:44:36,Move: forward
2026-05-04 14:44:36,Move: forward
2026-05-04 14:44:36,Move: right
2026-05-04 14:44:36,Move: forward
2026-05-04 14:44:36,Move: forward
2026-05-04 14:44:37,Move: left
2026-05-04 14:44:37,Move: left
2026-05-04 14:44:37,Move: left
2026-05-04 14:44:37,Move: backward
2026-05-04 14:44:38,Move: backward
2026-05-04 14:44:38,Move: backward
2026-05-04 14:44:38,Move: backward
2026-05-04 14:44:38,Move: backward
2026-05-04 14:44:38,Move: backward
2026-05-04 14:44:38,Move: backward
2026-05-04 14:44:38,Move: backward
2026-05-04 14:44:38,Move: backward
2026-05-04 14:44:38,Move: backward
2026-05-04 14:44:38,Move: backward
2026-05-04 14:44:38,Move: backward
2026-05-04 14:44:38,Move: backward
2026-05-04 14:44:38,Move: backward
2026-05-04 14:44:38,Move: backward
2026-05-04 14:44:39,Move: backward
2026-05-04 14:44:39,Move: backward
2026-05-04 14:44:39,Move: backward
2026-05-04 14:44:39,Move: backward
2026-05-04 14:44:39,Move: backward
2026-05-04 14:44:39,Move: backward
2026-05-04 14:44:39,Move: backward
2026-05-04 14:44:39,Move: backward
2026-05-04 14:44:39,Move: backward
2026-05-04 14:44:39,Move: backward
2026-05-04 14:44:39,Move: backward
2026-05-04 14:44:40,Move: backward
2026-05-04 14:44:40,Move: backward
2026-05-04 14:44:40,Move: backward
2026-05-04 14:44:40,Move: backward
2026-05-04 14:44:40,Move: backward
2026-05-04 14:44:40,Move: backward
2026-05-04 14:44:40,Move: backward
2026-05-04 14:44:40,Move: left
2026-05-04 14:44:41,Move: left
2026-05-04 14:44:41,Move: left
2026-05-04 14:44:41,Move: left
2026-05-04 14:44:41,Move: left
2026-05-04 14:44:41,Move: left
2026-05-04 14:44:41,Move: left
2026-05-04 14:44:41,Move: left
2026-05-04 14:44:41,Move: left
2026-05-04 14:44:41,Move: left
2026-05-04 14:44:41,Move: left
2026-05-04 14:44:42,Move: left
2026-05-04 14:44:42,Move: left
2026-05-04 14:44:42,Move: left
2026-05-04 14:44:42,Move: left
2026-05-04 14:44:42,Move: left
2026-05-04 14:44:42,Move: left
2026-05-04 14:44:42,Move: left
2026-05-04 14:44:42,Move: left
2026-05-04 14:44:42,Move: left
2026-05-04 14:44:42,Move: forward
2026-05-04 14:44:42,Move: forward
2026-05-04 14:44:42,Move: forward
2026-05-04 14:44:43,Move: forward
2026-05-04 14:44:43,Move: forward
2026-05-04 14:44:43,Move: forward
2026-05-04 14:44:43,Move: forward
2026-05-04 14:44:43,Move: forward
2026-05-04 14:44:43,Move: forward
2026-05-04 14:44:43,Move: forward
2026-05-04 14:44:43,Move: forward
2026-05-04 14:44:43,Move: forward
2026-05-04 14:44:43,Move: forward
2026-05-04 14:44:43,Move: forward
2026-05-04 14:44:44,Move: forward
2026-05-04 14:44:44,Move: forward
2026-05-04 14:44:44,Move: forward
2026-05-04 14:44:44,Move: forward
2026-05-04 14:44:44,Move: forward
2026-05-04 14:44:44,Move: forward
2026-05-04 14:44:44,Move: forward
2026-05-04 14:44:44,Move: forward
2026-05-04 14:44:44,Move: forward
2026-05-04 14:44:44,Move: forward
2026-05-04 14:44:44,Move: forward
2026-05-04 14:44:44,Move: forward
2026-05-04 14:44:44,Move: forward
2026-05-04 14:44:44,Move: forward
2026-05-04 14:44:45,Move: forward
2026-05-04 14:44:45,Move: forward
2026-05-04 14:44:45,Move: forward
2026-05-04 14:44:45,Move: forward
2026-05-04 14:44:45,Move: forward
2026-05-04 14:44:45,Move: forward
2026-05-04 14:44:45,Move: forward
2026-05-04 14:44:45,Move: forward
2026-05-04 14:44:45,Move: forward
2026-05-04 14:44:45,Move: forward
2026-05-04 14:44:45,Move: forward
2026-05-04 14:44:45,Move: forward
2026-05-04 14:44:45,Move: forward
2026-05-04 14:44:46,Move: forward
2026-05-04 14:44:46,Move: forward
2026-05-04 14:44:46,Move: forward
2026-05-04 14:44:46,Move: forward
2026-05-04 14:44:46,Move: forward
2026-05-04 14:44:46,Move: forward
2026-05-04 14:44:46,Move: forward
2026-05-04 14:44:46,Move: forward
2026-05-04 14:44:46,Move: forward
2026-05-04 14:44:46,Move: forward
2026-05-04 14:44:46,Move: forward
2026-05-04 14:44:46,Move: forward
2026-05-04 14:44:46,Move: forward
2026-05-04 14:44:47,Move: forward
2026-05-04 14:44:47,Move: forward
2026-05-04 14:44:47,Move: left
2026-05-04 14:44:47,Move: left
2026-05-04 14:44:47,Move: left
2026-05-04 14:44:47,Move: left
2026-05-04 14:44:47,Move: left
2026-05-04 14:44:47,Move: left
2026-05-04 14:44:47,Move: left
2026-05-04 14:44:48,Move: left
2026-05-04 14:44:48,Move: left
2026-05-04 14:44:48,Move: left
2026-05-04 14:44:48,Move: left
2026-05-04 14:44:49,Move: left
2026-05-04 14:44:49,Move: left
2026-05-04 14:44:49,Move: left
2026-05-04 14:44:49,Move: left
2026-05-04 14:44:49,Move: left
2026-05-04 14:44:49,Move: left
2026-05-04 14:44:49,Move: left
2026-05-04 14:44:49,Move: left
2026-05-04 14:44:49,Move: forward
2026-05-04 14:44:49,Move: left
2026-05-04 14:44:49,Move: forward
2026-05-04 14:44:49,Move: forward
2026-05-04 14:44:49,Move: forward
2026-05-04 14:44:50,Move: forward
2026-05-04 14:44:50,Move: forward
2026-05-04 14:44:50,Move: right
2026-05-04 14:44:50,Move: forward
2026-05-04 14:44:50,Move: forward
2026-05-04 14:44:51,Move: right
2026-05-04 14:44:51,Move: right
2026-05-04 14:44:51,Move: backward
2026-05-04 14:44:51,Move: backward
2026-05-04 14:44:51,Move: backward
2026-05-04 14:44:51,Move: backward
2026-05-04 14:44:51,Move: backward
2026-05-04 14:44:51,Move: backward
2026-05-04 14:44:51,Move: backward
2026-05-04 14:44:51,Move: left
2026-05-04 14:44:51,Move: backward
2026-05-04 14:44:52,Move: backward
2026-05-04 14:44:52,Move: backward
2026-05-04 14:44:52,Move: backward
2026-05-04 14:44:52,Move: right
2026-05-04 14:45:00,Move: forward
2026-05-04 14:45:00,Move: forward
2026-05-04 14:45:00,Move: forward
2026-05-04 14:45:00,Move: right
2026-05-04 14:45:00,Move: forward
2026-05-04 14:45:00,Move: right
2026-05-04 14:45:00,Move: right
2026-05-04 14:45:00,Move: right
2026-05-04 14:45:00,Move: right
2026-05-04 14:45:00,Move: right
2026-05-04 14:45:00,Move: right
2026-05-04 14:45:01,Move: right
2026-05-04 14:45:01,Move: forward
2026-05-04 14:45:01,Move: right
2026-05-04 14:45:01,Move: forward
2026-05-04 14:45:01,Move: forward
2026-05-04 14:45:01,Move: forward
2026-05-04 14:45:01,Move: forward
2026-05-04 14:45:01,Move: forward
2026-05-04 14:45:01,Move: forward
2026-05-04 14:45:01,Move: left
2026-05-04 14:45:02,Move: forward
2026-05-04 14:45:02,Move: forward
2026-05-04 14:45:02,Move: forward
2026-05-04 14:45:02,Move: forward
2026-05-04 14:45:02,Move: forward
2026-05-04 14:45:02,Move: forward
2026-05-04 14:45:02,Move: forward
2026-05-04 14:45:02,Move: forward
2026-05-04 14:45:02,Move: forward
2026-05-04 14:45:02,Move: forward
2026-05-04 14:45:02,Move: forward
2026-05-04 14:45:03,Move: right
2026-05-04 14:45:03,Move: forward
2026-05-04 14:45:03,Move: forward
2026-05-04 14:45:03,Move: forward
2026-05-04 14:45:03,Move: left
2026-05-04 14:45:03,Move: left
2026-05-04 14:45:03,Move: right
2026-05-04 14:45:03,Move: backward
2026-05-04 14:45:03,Move: left
2026-05-04 14:45:03,Move: backward
2026-05-04 14:45:04,Move: backward
2026-05-04 14:45:04,Move: backward
2026-05-04 14:45:06,Move: backward
2026-05-04 14:45:06,Move: backward
2026-05-04 14:45:06,Move: backward
2026-05-04 14:45:06,Move: backward
2026-05-04 14:45:06,Move: backward
2026-05-04 14:45:06,Move: backward
2026-05-04 14:45:06,Move: backward
2026-05-04 14:45:06,Move: backward
2026-05-04 14:45:07,Move: backward
2026-05-04 14:45:07,Move: backward
2026-05-04 14:45:07,Move: backward
2026-05-04 14:45:07,Move: backward
2026-05-04 14:45:07,Move: forward
2026-05-04 14:45:07,Move: forward
2026-05-04 14:45:07,Move: forward
2026-05-04 14:45:07,Move: forward
2026-05-04 14:45:07,Move: forward
2026-05-04 14:45:08,Move: forward
2026-05-04 14:45:08,Move: right
2026-05-04 14:45:08,Move: right
2026-05-04 14:45:08,Move: right
2026-05-04 14:45:08,Move: right
2026-05-04 14:45:08,Move: right
2026-05-04 14:45:08,Move: right
2026-05-04 14:45:08,Move: right
2026-05-04 14:45:08,Move: right
2026-05-04 14:45:09,Move: forward
2026-05-04 14:45:09,Move: forward
2026-05-04 14:45:09,Move: forward
2026-05-04 14:45:09,Move: right
2026-05-04 14:45:09,Move: forward
2026-05-04 14:45:10,Move: forward
2026-05-04 14:45:10,Move: forward
2026-05-04 14:45:10,Move: forward
2026-05-04 14:45:10,Move: forward
2026-05-04 14:45:10,Move: forward
2026-05-04 14:45:10,Move: forward
2026-05-04 14:45:10,Move: forward
2026-05-04 14:45:10,Move: right
2026-05-04 14:45:11,Move: forward
2026-05-04 14:45:11,Move: backward
2026-05-04 14:45:11,Move: backward
2026-05-04 14:45:11,Move: backward
2026-05-04 14:45:12,Move: right
2026-05-04 14:45:13,Move: right
2026-05-04 14:45:13,Move: right
2026-05-04 14:45:13,Move: right
2026-05-04 14:45:13,Move: right
2026-05-04 14:45:13,Move: right
2026-05-04 14:45:13,Move: right
2026-05-04 14:45:13,Move: right
2026-05-04 14:45:14,Move: right
2026-05-04 14:45:14,Move: right
2026-05-04 14:45:14,Move: forward
2026-05-04 14:45:14,Move: forward
2026-05-04 14:45:14,Move: forward
2026-05-04 14:45:14,Move: forward
2026-05-04 14:45:14,Move: forward
2026-05-04 14:45:14,Move: forward
2026-05-04 14:45:15,Move: forward
2026-05-04 14:45:15,Move: forward
2026-05-04 14:45:15,Move: right
2026-05-04 14:45:15,Move: right
2026-05-04 14:45:15,Move: right
2026-05-04 14:45:15,Move: right
2026-05-04 14:45:15,Move: right
2026-05-04 14:45:15,Move: right
2026-05-04 14:45:15,Move: forward
2026-05-04 14:45:16,Move: forward
2026-05-04 14:45:16,Move: forward
2026-05-04 14:45:16,Move: forward
2026-05-04 14:45:16,Move: forward
2026-05-04 14:45:16,Move: forward
2026-05-04 14:45:16,Move: forward
2026-05-04 14:45:16,Move: forward
2026-05-04 14:45:16,Move: forward
2026-05-04 14:45:16,Move: forward
2026-05-04 14:45:16,Move: forward
2026-05-04 14:45:16,Move: forward
2026-05-04 14:45:16,Move: forward
2026-05-04 14:45:16,Move: forward
2026-05-04 14:45:17,Move: forward
2026-05-04 14:45:17,Move: forward
2026-05-04 14:45:17,Move: forward
2026-05-04 14:45:17,Move: forward
2026-05-04 14:45:17,Move: right
2026-05-04 14:45:17,Move: forward
2026-05-04 14:45:17,Move: forward
2026-05-04 14:45:17,Move: forward
2026-05-04 14:45:18,Move: forward
2026-05-04 14:45:18,Move: forward
2026-05-04 14:45:18,Move: forward
2026-05-04 14:45:18,Move: forward
2026-05-04 14:45:18,Move: forward
2026-05-04 14:45:18,Move: forward
2026-05-04 14:45:18,Move: forward
2026-05-04 14:45:18,Move: forward
2026-05-04 14:45:18,Move: forward
2026-05-04 14:45:18,Move: forward
2026-05-04 14:45:18,Move: forward
2026-05-04 14:45:18,Move: forward
2026-05-04 14:45:18,Move: forward
2026-05-04 14:45:19,Move: forward
2026-05-04 14:45:19,Move: forward
2026-05-04 14:45:19,Move: forward
2026-05-04 14:45:19,Move: forward
2026-05-04 14:45:19,Move: forward
2026-05-04 14:45:19,Move: forward
2026-05-04 14:45:19,Move: forward
2026-05-04 14:45:19,Move: forward
2026-05-04 14:45:19,Move: forward
2026-05-04 14:45:19,Move: backward
2026-05-04 14:45:20,Move: backward
2026-05-04 14:45:20,Move: backward
2026-05-04 14:45:20,Move: backward
2026-05-04 14:45:20,Move: backward
2026-05-04 14:45:20,Move: backward
2026-05-04 14:45:20,Move: backward
2026-05-04 14:45:20,Move: backward
2026-05-04 14:45:20,Move: backward
2026-05-04 14:45:20,Move: backward
2026-05-04 14:45:20,Move: backward
2026-05-04 14:45:20,Move: backward
2026-05-04 14:45:21,Move: forward
2026-05-04 14:45:21,Move: forward
2026-05-04 14:45:21,Move: forward
2026-05-04 14:45:21,Move: forward
2026-05-04 14:45:22,Move: forward
2026-05-04 14:45:22,Move: forward
2026-05-04 14:45:22,Move: forward
2026-05-04 14:45:22,Move: forward
2026-05-04 14:45:22,Move: forward
2026-05-04 14:45:22,Move: forward
2026-05-04 14:45:22,Move: forward
2026-05-04 14:45:22,Move: forward
2026-05-04 14:45:22,Move: forward
2026-05-04 14:45:22,Move: forward
2026-05-04 14:45:23,Move: forward
2026-05-04 14:45:23,Move: forward
2026-05-04 14:45:23,Move: forward
2026-05-04 14:45:23,Move: forward
2026-05-04 14:45:23,Move: forward
2026-05-04 14:45:23,Move: forward
2026-05-04 14:45:23,Move: forward
2026-05-04 14:45:23,Move: left
2026-05-04 14:45:23,Move: left
2026-05-04 14:45:24,Move: left
2026-05-04 14:45:24,Move: left
2026-05-04 14:45:24,Move: left
2026-05-04 14:45:24,Move: left
2026-05-04 14:45:24,Move: left
2026-05-04 14:45:24,Move: left
2026-05-04 14:45:24,Move: left
2026-05-04 14:45:24,Move: left
2026-05-04 14:45:24,Move: left
2026-05-04 14:45:24,Move: left
2026-05-04 14:45:24,Move: left
2026-05-04 14:45:24,Move: left
2026-05-04 14:45:25,Move: left
2026-05-04 14:45:25,Move: left
2026-05-04 14:45:25,Move: left
2026-05-04 14:45:25,Move: left
2026-05-04 14:45:25,Move: left
2026-05-04 14:45:25,Move: left
2026-05-04 14:45:25,Move: left
2026-05-04 14:45:25,Move: left
2026-05-04 14:45:25,Move: left
2026-05-04 14:45:25,Move: left
2026-05-04 14:45:25,Move: left
2026-05-04 14:45:26,Move: left
2026-05-04 14:45:26,Move: left
2026-05-04 14:45:26,Move: left
2026-05-04 14:45:26,Move: forward
2026-05-04 14:45:26,Move: forward
2026-05-04 14:45:26,Move: left
2026-05-04 14:45:26,Move: left
2026-05-04 14:45:26,Move: forward
2026-05-04 14:45:26,Move: left
2026-05-04 14:45:26,Move: forward
2026-05-04 14:45:26,Move: left
2026-05-04 14:45:26,Move: forward
2026-05-04 14:45:26,Move: left
2026-05-04 14:45:26,Move: forward
2026-05-04 14:45:26,Move: forward
2026-05-04 14:45:27,Move: forward
2026-05-04 14:45:27,Move: forward
2026-05-04 14:45:27,Move: forward
2026-05-04 14:45:27,Move: forward
2026-05-04 14:45:27,Move: forward
2026-05-04 14:45:29,Move: backward
2026-05-04 14:45:29,Move: backward
2026-05-04 14:45:30,Move: backward
2026-05-04 14:45:30,Move: right
2026-05-04 14:45:30,Move: right
2026-05-04 14:45:30,Move: right
2026-05-04 14:45:30,Move: right
2026-05-04 14:45:31,Move: left
2026-05-04 14:45:31,Move: left
2026-05-04 14:45:31,Move: left
2026-05-04 14:45:31,Move: left
2026-05-04 14:45:31,Move: left
2026-05-04 14:45:31,Move: left
2026-05-04 14:45:31,Move: left
2026-05-04 14:45:31,Move: left
2026-05-04 14:45:31,Move: left
2026-05-04 14:45:31,Move: left
2026-05-04 14:45:31,Move: left
2026-05-04 14:45:31,Move: left
2026-05-04 14:45:32,Move: left
2026-05-04 14:45:32,Move: right
2026-05-04 14:45:32,Move: right
2026-05-04 14:45:32,Move: right
2026-05-04 14:45:32,Move: right
2026-05-04 14:45:32,Move: right
2026-05-04 14:45:32,Move: right
2026-05-04 14:45:32,Move: right
2026-05-04 14:45:33,Move: right
2026-05-04 14:45:33,Move: left
2026-05-04 14:45:33,Move: left
2026-05-04 14:45:33,Move: left
2026-05-04 14:45:33,Move: left
2026-05-04 14:45:33,Move: left
2026-05-04 14:45:33,Move: left
2026-05-04 14:45:34,Move: right
2026-05-04 14:45:34,Move: right
2026-05-04 14:45:34,Move: right
2026-05-04 14:45:34,Move: right
2026-05-04 14:45:35,Move: right
2026-05-04 14:45:35,Move: right
2026-05-04 14:45:35,Move: right
2026-05-04 14:45:35,Move: right
2026-05-04 14:45:35,Move: right
2026-05-04 14:45:35,Move: right
2026-05-04 14:45:35,Move: right
2026-05-04 14:45:35,Move: right
2026-05-04 14:45:35,Move: right
2026-05-04 14:45:35,Move: right
2026-05-04 14:45:35,Move: right
2026-05-04 14:45:36,Move: right
2026-05-04 14:45:36,Move: right
2026-05-04 14:45:36,Move: backward
2026-05-04 14:45:36,Move: backward
2026-05-04 14:45:36,Move: backward
2026-05-04 14:45:36,Move: backward
2026-05-04 14:45:36,Move: backward
2026-05-04 14:45:36,Move: forward
2026-05-04 14:45:37,Move: forward
2026-05-04 14:45:37,Move: forward
2026-05-04 14:45:37,Move: forward
2026-05-04 14:45:37,Move: forward
2026-05-04 14:45:37,Move: forward
2026-05-04 14:54:22,Move: left
2026-05-04 14:54:22,Move: left
2026-05-04 14:54:23,Move: left
2026-05-04 14:54:23,Move: left
2026-05-04 14:54:24,Move: left
2026-05-04 14:54:24,Move: left
2026-05-04 14:54:25,Move: left
2026-05-04 14:54:25,Move: left
2026-05-04 14:54:26,Move: left
2026-05-04 14:54:26,Move: left
2026-05-04 14:54:27,Move: left
2026-05-04 14:54:27,Move: left
2026-05-04 14:54:28,Move: left
2026-05-04 14:54:28,Move: left
2026-05-04 14:54:29,Move: left
2026-05-04 14:54:29,Move: left
2026-05-04 14:54:30,Move: left
2026-05-04 14:54:30,Move: right
2026-05-04 14:54:30,Move: left
2026-05-04 14:54:31,Move: right
2026-05-04 14:54:31,Move: backward
2026-05-04 14:54:31,Move: left
2026-05-04 14:54:31,Move: right
2026-05-04 14:54:31,Move: backward
2026-05-04 14:54:31,Move: forward
2026-05-04 14:54:31,Move: left
2026-05-04 14:54:32,Move: right
2026-05-04 14:54:32,Move: backward
2026-05-04 14:54:32,Move: forward
2026-05-04 14:54:32,Move: left
2026-05-04 14:54:32,Move: right
2026-05-04 14:54:33,Move: left
2026-05-04 14:54:33,Move: right
2026-05-04 14:54:33,Move: left
2026-05-04 14:54:34,Move: left
2026-05-04 14:54:34,Move: left
2026-05-04 14:54:35,Move: left
2026-05-04 14:54:35,Move: right
2026-05-04 14:54:35,Move: left
2026-05-04 14:54:36,Move: left
2026-05-04 14:54:36,Move: left
2026-05-04 14:54:37,Move: left
2026-05-04 14:54:37,Move: left
2026-05-04 14:54:38,Move: left
2026-05-04 14:54:38,Move: left
2026-05-04 14:54:39,Move: left
2026-05-04 14:54:39,Move: left
2026-05-04 14:54:40,Move: left
2026-05-04 14:54:40,Move: left
2026-05-04 14:54:41,Move: left
2026-05-04 14:54:41,Move: left
2026-05-04 14:54:41,Move: left
2026-05-04 14:54:41,Move: left
2026-05-04 14:56:20,Move: right
2026-05-04 14:56:20,Move: right
2026-05-04 14:56:20,Move: right
2026-05-04 14:56:20,Move: right
2026-05-04 14:56:20,Move: right
2026-05-04 14:56:21,Move: right
2026-05-04 14:56:21,Move: right
2026-05-04 14:56:21,Move: right
2026-05-04 14:56:21,Move: right
2026-05-04 14:56:21,Move: right
2026-05-04 14:56:21,Move: right
2026-05-04 14:56:21,Move: right
2026-05-04 14:56:25,Move: left
2026-05-04 14:56:25,Move: left
2026-05-04 14:56:25,Move: left
2026-05-04 14:56:25,Move: left
2026-05-04 14:56:25,Move: left
2026-05-04 14:56:25,Move: left
2026-05-04 14:56:25,Move: left
2026-05-04 14:56:25,Move: left
2026-05-04 14:56:25,Move: left
2026-05-04 14:56:25,Move: left
2026-05-04 14:56:26,Move: left
2026-05-04 14:56:26,Move: left
2026-05-04 14:56:26,Move: left
2026-05-04 14:56:26,Move: left
2026-05-04 14:56:26,Move: left
2026-05-04 14:56:26,Move: left
2026-05-04 14:56:26,Move: left
2026-05-04 14:56:26,Move: left
2026-05-04 14:56:26,Move: left
2026-05-04 14:56:26,Move: left
2026-05-04 14:56:26,Move: left
2026-05-04 14:56:26,Move: left
2026-05-04 14:56:26,Move: left
2026-05-04 14:56:26,Move: left
2026-05-04 14:56:27,Move: left
2026-05-04 14:56:27,Move: left
2026-05-04 14:56:27,Move: left
2026-05-04 14:56:27,Move: left
2026-05-04 14:56:27,Move: left
2026-05-04 14:56:27,Move: left
2026-05-04 14:56:27,Move: left
2026-05-04 14:56:27,Move: left
2026-05-04 14:56:27,Move: left
2026-05-04 14:56:27,Move: left
2026-05-04 14:56:27,Move: left
2026-05-04 14:56:27,Move: left
2026-05-04 14:56:27,Move: left
2026-05-04 14:56:28,Move: left
2026-05-04 14:56:28,Move: left
2026-05-04 14:56:28,Move: left
2026-05-04 14:56:28,Move: left
2026-05-04 14:56:28,Move: left
2026-05-04 14:56:28,Move: left
2026-05-04 14:56:28,Move: left
2026-05-04 14:56:28,Move: left
2026-05-04 14:56:28,Move: left
2026-05-04 14:56:28,Move: left
2026-05-04 14:56:28,Move: left
2026-05-04 14:56:28,Move: left
2026-05-04 14:56:29,Move: left
2026-05-04 14:56:29,Move: left
2026-05-04 14:56:29,Move: left
2026-05-04 14:56:29,Move: left
2026-05-04 14:56:29,Move: left
2026-05-04 14:56:29,Move: left
2026-05-04 14:56:29,Move: left
2026-05-04 14:56:29,Move: left
2026-05-04 14:56:29,Move: left
2026-05-04 14:56:29,Move: left
2026-05-04 14:56:29,Move: left
2026-05-04 14:56:29,Move: left
2026-05-04 14:56:29,Move: left
2026-05-04 14:56:30,Move: left
2026-05-04 14:56:30,Move: left
2026-05-04 14:56:30,Move: left
2026-05-04 14:56:30,Move: left
2026-05-04 14:56:30,Move: left
2026-05-04 14:56:30,Move: left
2026-05-04 14:56:30,Move: left
2026-05-04 14:56:30,Move: left
2026-05-04 14:56:30,Move: left
2026-05-04 14:56:30,Move: left
2026-05-04 14:56:30,Move: left
2026-05-04 14:56:30,Move: left
2026-05-04 14:56:31,Move: left
2026-05-04 14:56:31,Move: left
2026-05-04 14:56:31,Move: left
2026-05-04 14:56:31,Move: right
2026-05-04 14:56:31,Move: right
2026-05-04 14:56:31,Move: right
2026-05-04 14:56:32,Move: right
2026-05-04 14:56:32,Move: right
2026-05-04 14:56:32,Move: right
2026-05-04 14:56:32,Move: right
2026-05-04 14:56:32,Move: right
2026-05-04 14:56:32,Move: right
2026-05-04 14:56:32,Move: right
2026-05-04 14:56:32,Move: right
2026-05-04 14:56:32,Move: right
2026-05-04 14:56:32,Move: right
2026-05-04 14:56:32,Move: right
2026-05-04 14:56:32,Move: right
2026-05-04 14:56:32,Move: right
2026-05-04 14:56:33,Move: right
2026-05-04 14:56:33,Move: right
2026-05-04 14:56:33,Move: right
2026-05-04 14:56:33,Move: right
2026-05-04 14:56:33,Move: right
2026-05-04 14:56:33,Move: right
2026-05-04 14:56:33,Move: right
2026-05-04 14:56:33,Move: right
2026-05-04 14:56:33,Move: right
2026-05-04 14:56:33,Move: right
2026-05-04 14:56:33,Move: right
2026-05-04 14:56:33,Move: right
2026-05-04 14:56:34,Move: right
2026-05-04 14:56:34,Move: right
2026-05-04 14:56:34,Move: right
2026-05-04 14:56:34,Move: right
2026-05-04 14:56:34,Move: right
2026-05-04 14:56:34,Move: right
2026-05-04 14:56:34,Move: right
2026-05-04 14:56:34,Move: right
2026-05-04 14:56:34,Move: right
2026-05-04 14:56:34,Move: right
2026-05-04 14:56:34,Move: right
2026-05-04 14:56:34,Move: right
2026-05-04 14:56:35,Move: right
2026-05-04 14:56:35,Move: right
2026-05-04 14:56:35,Move: right
2026-05-04 14:56:35,Move: right
2026-05-04 14:56:35,Move: right
2026-05-04 14:56:35,Move: right
2026-05-04 14:56:35,Move: right
2026-05-04 14:56:35,Move: right
2026-05-04 14:56:35,Move: right
2026-05-04 14:56:35,Move: right
2026-05-04 14:56:35,Move: right
2026-05-04 14:56:35,Move: right
2026-05-04 14:56:36,Move: right
2026-05-04 14:56:36,Move: right
2026-05-04 14:56:36,Move: right
2026-05-04 14:56:36,Move: right
2026-05-04 14:56:36,Move: right
2026-05-04 14:56:36,Move: right
2026-05-04 14:56:36,Move: right
2026-05-04 14:56:36,Move: right
2026-05-04 14:56:36,Move: right
2026-05-04 14:56:36,Move: right
2026-05-04 14:56:36,Move: right
2026-05-04 14:56:36,Move: right
2026-05-04 14:56:37,Move: right
2026-05-04 14:56:37,Move: right
2026-05-04 14:56:37,Move: left
2026-05-04 14:56:51,Move: forward
2026-05-04 14:56:51,Move: left
2026-05-04 14:56:52,Move: forward
2026-05-04 14:56:52,Move: forward
2026-05-04 14:56:53,Move: forward
2026-05-04 14:56:53,Move: forward
2026-05-04 14:56:54,Move: right
2026-05-04 14:56:54,Move: forward
2026-05-04 14:56:54,Move: left
2026-05-04 14:56:54,Move: right
2026-05-04 14:56:54,Move: forward
2026-05-04 14:56:54,Move: left
2026-05-04 14:56:55,Move: right
2026-05-04 14:56:55,Move: forward
2026-05-04 14:56:55,Move: left
2026-05-04 14:56:55,Move: right
2026-05-04 14:56:55,Move: forward
2026-05-04 14:56:56,Move: right
2026-05-04 14:56:56,Move: forward
2026-05-04 14:56:56,Move: right
2026-05-04 14:56:56,Move: forward
2026-05-04 14:56:57,Move: forward
2026-05-04 14:57:34,Move: forward
2026-05-04 14:57:34,Move: forward
2026-05-04 14:57:34,Move: forward
2026-05-04 14:57:34,Move: forward
2026-05-04 14:57:34,Move: forward
2026-05-04 14:57:34,Move: forward
2026-05-04 14:57:34,Move: backward
2026-05-04 14:57:35,Move: backward
2026-05-04 14:57:35,Move: backward
2026-05-04 14:57:35,Move: backward
2026-05-04 14:57:35,Move: backward
2026-05-04 14:57:35,Move: backward
2026-05-04 14:57:35,Move: backward
2026-05-04 14:57:35,Move: right
2026-05-04 14:57:35,Move: right
2026-05-04 14:57:35,Move: right
2026-05-04 14:57:35,Move: right
2026-05-04 14:57:35,Move: right
2026-05-04 14:57:35,Move: right
2026-05-04 14:57:35,Move: right
2026-05-04 14:57:36,Move: right
2026-05-04 14:57:36,Move: right
2026-05-04 14:57:36,Move: right
2026-05-04 14:57:36,Move: right
2026-05-04 14:57:36,Move: right
2026-05-04 14:57:36,Move: right
2026-05-04 14:57:36,Move: right
2026-05-04 14:57:36,Move: right
2026-05-04 14:57:36,Move: right
2026-05-04 14:57:36,Move: right
2026-05-04 14:57:37,Move: left
2026-05-04 14:57:37,Move: left
2026-05-04 14:57:37,Move: left
2026-05-04 14:57:37,Move: forward
2026-05-04 14:57:37,Move: forward
2026-05-04 14:57:37,Move: forward
2026-05-04 14:57:37,Move: forward
2026-05-04 14:57:37,Move: forward
2026-05-04 14:57:37,Move: forward
2026-05-04 14:57:38,Move: forward
2026-05-04 14:57:38,Move: forward
2026-05-04 14:57:38,Move: forward
2026-05-04 14:57:38,Move: forward
2026-05-04 14:57:38,Move: left
2026-05-04 14:57:38,Move: forward
2026-05-04 14:57:39,Move: backward
2026-05-04 14:57:39,Move: backward
2026-05-04 14:57:39,Move: backward
2026-05-04 14:57:39,Move: backward
2026-05-04 14:57:39,Move: backward
2026-05-04 14:57:39,Move: backward
2026-05-04 14:57:39,Move: backward
2026-05-04 14:57:39,Move: backward
2026-05-04 14:57:39,Move: backward
2026-05-04 14:57:40,Move: right
2026-05-04 14:57:40,Move: right
2026-05-04 14:57:40,Move: right
2026-05-04 14:57:40,Move: backward
2026-05-04 14:57:40,Move: backward
2026-05-04 14:57:40,Move: backward
2026-05-04 14:57:40,Move: backward
2026-05-04 14:57:40,Move: backward
2026-05-04 14:57:40,Move: backward
2026-05-04 14:57:41,Move: forward
2026-05-04 14:57:41,Move: forward
2026-05-04 14:57:41,Move: forward
2026-05-04 14:57:41,Move: forward
2026-05-04 14:57:41,Move: forward
2026-05-04 14:57:41,Move: forward
2026-05-04 14:57:42,Move: right
2026-05-04 14:57:42,Move: right
2026-05-04 14:57:42,Move: right
2026-05-04 14:57:42,Move: left
2026-05-04 14:57:42,Move: left
2026-05-04 15:06:07,Move: right
2026-05-04 15:06:08,Move: right
2026-05-04 15:06:08,Move: right
2026-05-04 15:06:08,Move: right
2026-05-04 15:06:08,Move: right
2026-05-04 15:06:08,Move: right
2026-05-04 15:06:08,Move: right
2026-05-04 15:06:09,Move: left
2026-05-04 15:06:09,Move: left
2026-05-04 15:06:09,Move: left
2026-05-04 15:06:09,Move: left
2026-05-04 15:06:09,Move: left
2026-05-04 15:06:09,Move: left
2026-05-04 15:06:10,Move: forward
2026-05-04 15:06:10,Move: backward
2026-05-04 15:06:10,Move: backward
2026-05-04 15:06:10,Move: backward
2026-05-04 15:06:10,Move: backward
2026-05-04 15:06:10,Move: backward
2026-05-04 15:06:10,Move: backward
2026-05-04 15:06:11,Move: forward
2026-05-04 15:06:11,Move: backward
2026-05-04 15:06:12,Move: forward
2026-05-04 15:06:12,Move: backward
2026-05-04 15:06:14,Move: left
2026-05-04 15:06:14,Move: left
2026-05-04 15:06:20,Move: forward
2026-05-04 15:06:20,Move: forward
2026-05-04 15:06:20,Move: forward
2026-05-04 15:06:20,Move: forward
2026-05-04 15:06:20,Move: forward
2026-05-04 15:06:20,Move: forward
2026-05-04 15:06:20,Move: right
2026-05-04 15:06:20,Move: right
2026-05-04 15:06:20,Move: right
2026-05-04 15:06:20,Move: right
2026-05-04 15:06:20,Move: right
2026-05-04 15:06:21,Move: right
2026-05-04 15:06:21,Move: right
2026-05-04 15:06:21,Move: backward
2026-05-04 15:06:21,Move: right
2026-05-04 15:06:21,Move: backward
2026-05-04 15:06:21,Move: backward
2026-05-04 15:06:21,Move: backward
2026-05-04 15:06:21,Move: backward
2026-05-04 15:06:21,Move: backward
2026-05-04 15:06:21,Move: right
2026-05-04 15:06:21,Move: right
2026-05-04 15:06:21,Move: right
2026-05-04 15:06:21,Move: right
2026-05-04 15:06:22,Move: right
2026-05-04 15:06:22,Move: right
2026-05-04 15:06:22,Move: right
2026-05-04 15:06:22,Move: right
2026-05-04 15:06:22,Move: right
2026-05-04 15:06:22,Move: right
2026-05-04 15:06:22,Move: forward
2026-05-04 15:06:22,Move: forward
2026-05-04 15:06:22,Move: forward
2026-05-04 15:06:22,Move: forward
2026-05-04 15:06:22,Move: forward
2026-05-04 15:06:22,Move: forward
2026-05-04 15:06:22,Move: forward
2026-05-04 15:06:23,Move: forward
2026-05-04 15:06:23,Move: left
2026-05-04 15:06:23,Move: left
2026-05-04 15:06:23,Move: left
2026-05-04 15:06:23,Move: right
2026-05-04 15:06:23,Move: right
2026-05-04 15:06:23,Move: right
2026-05-04 15:06:24,Move: forward
2026-05-04 15:06:24,Move: forward
2026-05-04 15:06:24,Move: forward
2026-05-04 15:06:24,Move: backward
2026-05-04 15:06:24,Move: backward
2026-05-04 15:06:24,Move: backward
2026-05-04 15:06:24,Move: backward
2026-05-04 15:06:24,Move: backward
2026-05-04 15:06:25,Move: backward
2026-05-04 15:06:25,Move: left
2026-05-04 15:06:25,Move: left
2026-05-04 15:06:25,Move: left
2026-05-04 15:06:25,Move: left
2026-05-04 15:06:25,Move: left
2026-05-04 15:06:26,Move: left
2026-05-04 15:06:26,Move: left
2026-05-04 15:06:26,Move: left
2026-05-04 15:06:26,Move: left
2026-05-04 15:06:26,Move: left
2026-05-04 15:06:26,Move: left
2026-05-04 15:06:26,Move: left
2026-05-04 15:06:26,Move: left
2026-05-04 15:06:26,Move: left
2026-05-04 15:06:27,Move: right
2026-05-04 15:06:27,Move: right
2026-05-04 15:06:27,Move: right
2026-05-04 15:06:28,Move: forward
2026-05-04 15:06:28,Move: forward
2026-05-04 15:06:28,Move: forward
2026-05-04 15:06:28,Move: forward
2026-05-04 15:06:28,Move: forward
2026-05-04 15:06:28,Move: forward
2026-05-04 15:06:28,Move: forward
2026-05-04 15:06:28,Move: forward
2026-05-04 15:06:28,Move: right
2026-05-04 15:06:29,Move: left
2026-05-04 15:06:29,Move: left
2026-05-04 15:06:29,Move: forward
2026-05-04 15:06:30,Move: forward
2026-05-04 15:06:30,Move: forward
2026-05-04 15:06:30,Move: forward
2026-05-04 15:06:30,Move: forward
2026-05-04 15:06:30,Move: forward
2026-05-04 15:06:30,Move: forward
2026-05-04 15:06:30,Move: forward
2026-05-04 15:06:30,Move: left
2026-05-04 15:06:30,Move: left
2026-05-04 15:06:30,Move: left
2026-05-04 15:06:30,Move: left
2026-05-04 15:06:30,Move: backward
2026-05-04 15:06:31,Move: backward
2026-05-04 15:06:31,Move: forward
2026-05-04 15:06:31,Move: forward
2026-05-04 15:06:31,Move: forward
2026-05-04 15:06:31,Move: forward
2026-05-04 15:06:31,Move: forward
2026-05-04 15:06:31,Move: forward
2026-05-04 15:06:31,Move: forward
2026-05-04 15:06:32,Move: forward
2026-05-04 15:06:32,Move: forward
2026-05-04 15:06:32,Move: forward
2026-05-04 15:06:32,Move: forward
2026-05-04 15:06:32,Move: forward
2026-05-04 15:06:32,Move: left
2026-05-04 15:06:32,Move: left
2026-05-04 15:06:32,Move: left
2026-05-04 15:06:32,Move: left
2026-05-04 15:06:32,Move: left
2026-05-04 15:06:33,Move: left
2026-05-04 15:06:33,Move: forward
2026-05-04 15:06:33,Move: forward
2026-05-04 15:06:33,Move: forward
2026-05-04 15:06:33,Move: forward
2026-05-04 15:06:33,Move: forward
2026-05-04 15:06:34,Move: forward
2026-05-04 15:06:34,Move: forward
2026-05-04 15:06:34,Move: left
2026-05-04 15:06:34,Move: forward
2026-05-04 15:06:34,Move: forward
2026-05-04 15:06:35,Move: left
2026-05-04 15:06:35,Move: left
2026-05-04 15:06:35,Move: backward
2026-05-04 15:06:35,Move: backward
2026-05-04 15:06:36,Move: forward
2026-05-04 15:06:36,Move: forward
2026-05-04 15:06:36,Move: forward
2026-05-04 15:06:37,Move: forward
2026-05-04 15:06:38,Move: backward
2026-05-04 15:07:10,Move: forward
2026-05-04 15:07:10,Move: forward
2026-05-04 15:07:10,Move: forward
2026-05-04 15:07:11,Move: forward
2026-05-04 15:07:11,Move: forward
2026-05-04 15:07:11,Move: forward
2026-05-04 15:07:11,Move: left
2026-05-04 15:07:11,Move: forward
2026-05-04 15:07:11,Move: left
2026-05-04 15:07:11,Move: forward
2026-05-04 15:07:12,Move: left
2026-05-04 15:07:12,Move: left
2026-05-04 15:07:13,Move: left
2026-05-04 15:07:13,Move: left
2026-05-04 15:07:13,Move: left
2026-05-04 15:07:13,Move: left
2026-05-04 15:07:13,Move: left
2026-05-04 15:07:13,Move: left
2026-05-04 15:07:13,Move: left
2026-05-04 15:07:14,Move: left
2026-05-04 15:07:14,Move: left
2026-05-04 15:07:14,Move: left
2026-05-04 15:07:14,Move: left
2026-05-04 15:07:14,Move: left
2026-05-04 15:07:14,Move: left
2026-05-04 15:07:15,Move: left
2026-05-04 15:07:15,Move: left
2026-05-04 15:07:15,Move: left
2026-05-04 15:07:15,Move: left
2026-05-04 15:07:15,Move: left
2026-05-04 15:07:16,Move: forward
2026-05-04 15:07:16,Move: forward
2026-05-04 15:07:16,Move: left
2026-05-04 15:07:16,Move: forward
2026-05-04 15:07:16,Move: left
2026-05-04 15:07:16,Move: left
2026-05-04 15:07:16,Move: left
2026-05-04 15:07:17,Move: forward
2026-05-04 15:07:17,Move: forward
2026-05-04 15:07:17,Move: forward
2026-05-04 15:07:17,Move: forward
2026-05-04 15:07:17,Move: forward
2026-05-04 15:07:17,Move: forward
2026-05-04 15:07:17,Move: forward
2026-05-04 15:07:17,Move: forward
2026-05-04 15:07:18,Move: left
2026-05-04 15:07:18,Move: left
2026-05-04 15:07:21,Move: left
2026-05-04 15:07:21,Move: left
2026-05-04 15:07:21,Move: left
2026-05-04 15:07:22,Move: left
2026-05-04 15:07:22,Move: left
2026-05-04 15:07:22,Move: left
2026-05-04 15:07:22,Move: left
2026-05-04 15:07:22,Move: left
2026-05-04 15:07:22,Move: left
2026-05-04 15:07:22,Move: left
2026-05-04 15:07:22,Move: left
2026-05-04 15:07:22,Move: left
2026-05-04 15:07:24,Speed: 87
2026-05-04 15:07:25,Move: forward
2026-05-04 15:07:26,Move: forward
2026-05-04 15:07:26,Move: forward
2026-05-04 15:07:28,Move: backward
2026-05-04 15:07:28,Move: backward
2026-05-04 15:07:28,Move: backward
2026-05-04 15:07:29,Move: forward
2026-05-04 15:07:29,Move: forward
2026-05-04 15:07:30,Move: forward
2026-05-04 15:07:30,Move: forward
2026-05-04 15:07:30,Move: backward
2026-05-04 15:07:30,Move: backward
2026-05-04 15:07:32,Move: right
2026-05-04 15:07:32,Move: right
2026-05-04 15:07:32,Move: right
2026-05-04 15:07:33,Move: forward
2026-05-04 15:07:33,Move: forward
2026-05-04 15:07:33,Move: forward
2026-05-04 15:07:33,Move: forward
2026-05-04 15:07:33,Move: forward
2026-05-04 15:07:34,Move: forward
2026-05-04 15:07:34,Move: forward
2026-05-04 15:07:34,Move: forward
2026-05-04 15:07:34,Move: forward
2026-05-04 15:07:34,Move: forward
2026-05-04 15:07:35,Move: left
2026-05-04 15:07:35,Move: backward
2026-05-04 15:07:35,Move: left
2026-05-04 15:07:35,Move: backward
2026-05-04 15:07:35,Move: left
2026-05-04 15:07:35,Move: left
2026-05-04 15:07:35,Move: left
2026-05-04 15:07:35,Move: left
2026-05-04 15:07:36,Move: left
2026-05-04 15:07:36,Move: forward
2026-05-04 15:07:36,Move: forward
2026-05-04 15:07:36,Move: forward
2026-05-04 15:07:36,Move: forward
2026-05-04 15:07:36,Move: forward
2026-05-04 15:07:37,Move: forward
2026-05-04 15:07:37,Move: forward
2026-05-04 15:07:37,Move: forward
2026-05-04 15:07:37,Move: forward
2026-05-04 15:07:37,Move: forward
2026-05-04 15:07:37,Move: forward
2026-05-04 15:07:37,Move: forward
2026-05-04 15:07:37,Move: right
2026-05-04 15:07:37,Move: right
2026-05-04 15:07:38,Move: forward
2026-05-04 15:07:38,Move: forward
2026-05-04 15:07:38,Move: left
2026-05-04 15:07:38,Move: left
2026-05-04 15:07:38,Move: left
2026-05-04 15:07:39,Move: forward
2026-05-04 15:07:39,Move: forward
2026-05-04 15:07:39,Move: left
2026-05-04 15:07:39,Move: left
2026-05-04 15:07:39,Move: left
2026-05-04 15:07:40,Move: forward
2026-05-04 15:07:40,Move: forward
2026-05-04 15:07:40,Move: forward
2026-05-04 15:07:40,Move: forward
2026-05-04 15:07:41,Move: forward
2026-05-04 15:07:41,Move: forward
2026-05-04 15:07:41,Move: forward
2026-05-04 15:07:42,Move: backward
2026-05-04 15:07:42,Move: backward
2026-05-04 15:07:43,Move: backward
2026-05-04 15:07:43,Move: backward
2026-05-04 15:07:44,Move: backward
2026-05-04 15:07:44,Move: backward
2026-05-04 15:07:45,Move: backward
2026-05-04 15:07:46,Move: backward
2026-05-04 15:07:46,Move: backward
2026-05-04 15:07:47,Move: backward
2026-05-04 15:07:47,Move: backward
2026-05-04 15:07:48,Move: backward
2026-05-04 15:07:48,Move: backward
2026-05-04 15:07:49,Move: backward
2026-05-04 15:07:49,Move: backward
2026-05-04 15:08:04,EMERGENCY STOP
2026-05-04 15:08:06,EMERGENCY STOP
2026-05-04 15:08:06,Resume
2026-05-04 15:08:09,Speed: 72
2026-05-04 15:08:22,Move: forward
2026-05-04 15:08:23,Move: forward
2026-05-04 15:08:23,Move: forward
2026-05-04 15:08:23,Move: forward
2026-05-04 15:08:23,Move: forward
2026-05-04 15:08:23,Move: forward
2026-05-04 15:08:23,Move: forward
2026-05-04 15:08:23,Move: forward
2026-05-04 15:08:23,Move: forward
2026-05-04 15:08:23,Move: forward
2026-05-04 15:08:23,Move: forward
2026-05-04 15:08:23,Move: left
2026-05-04 15:08:23,Move: forward
2026-05-04 15:08:24,Move: left
2026-05-04 15:08:25,Move: left
2026-05-04 15:08:25,Move: left
2026-05-04 15:08:25,Move: left
2026-05-04 15:08:25,Move: left
2026-05-04 15:08:25,Move: left
2026-05-04 15:08:25,Move: left
2026-05-04 15:08:25,Move: left
2026-05-04 15:08:25,Move: left
2026-05-04 15:08:25,Move: left
2026-05-04 15:08:26,Move: left
2026-05-04 15:08:26,Move: left
2026-05-04 15:08:26,Move: left
2026-05-04 15:08:26,Move: left
2026-05-04 15:08:26,Move: left
2026-05-04 15:08:26,Move: left
2026-05-04 15:08:26,Move: left
2026-05-04 15:08:26,Move: left
2026-05-04 15:08:26,Move: left
2026-05-04 15:08:27,Move: left
2026-05-04 15:08:27,Move: left
2026-05-04 15:08:27,Move: left
2026-05-04 15:08:27,Move: left
2026-05-04 15:08:27,Move: left
2026-05-04 15:08:27,Move: left
2026-05-04 15:08:27,Move: right
2026-05-04 15:08:28,Move: left
2026-05-04 15:08:28,Move: right
2026-05-04 15:08:28,Move: right
2026-05-04 15:08:28,Move: right
2026-05-04 15:08:28,Move: right
2026-05-04 15:08:28,Move: right
2026-05-04 15:08:28,Move: right
2026-05-04 15:08:28,Move: right
2026-05-04 15:08:28,Move: right
2026-05-04 15:08:28,Move: right
2026-05-04 15:08:29,Move: right
2026-05-04 15:08:30,Move: left
2026-05-04 15:08:30,Move: left
2026-05-04 15:08:30,Move: left
2026-05-04 15:08:30,Move: left
2026-05-04 15:08:30,Move: left
2026-05-04 15:08:30,Move: left
2026-05-04 15:08:30,Move: left
2026-05-04 15:08:31,Move: right
2026-05-04 15:08:31,Move: right
2026-05-04 15:08:31,Move: right
2026-05-04 15:08:31,Move: right
2026-05-04 15:08:31,Move: right
2026-05-04 15:08:31,Move: right
2026-05-04 15:08:31,Move: right
2026-05-04 15:08:32,Move: right
2026-05-04 15:08:32,Move: right
2026-05-04 15:08:32,Move: right
2026-05-04 15:08:33,Move: right
2026-05-04 15:08:33,Move: right
2026-05-04 15:08:34,Move: right
2026-05-04 15:08:34,Move: right
2026-05-04 15:08:34,Move: left
2026-05-04 15:08:34,Move: left
2026-05-04 15:08:34,Move: left
2026-05-04 15:08:34,Move: left
2026-05-04 15:08:34,Move: left
2026-05-04 15:08:34,Move: left
2026-05-04 15:08:35,Move: left
2026-05-04 15:08:35,Move: left
2026-05-04 15:08:35,Move: left
2026-05-04 15:08:35,Move: left
2026-05-04 15:08:35,Move: left
2026-05-04 15:08:35,Move: left
2026-05-04 15:08:35,Move: left
2026-05-04 15:08:35,Move: left
2026-05-04 15:08:35,Move: left
2026-05-04 15:08:35,Move: left
2026-05-04 15:08:35,Move: left
2026-05-04 15:08:36,Move: left
2026-05-04 15:08:36,Move: left
2026-05-04 15:08:36,Move: left
2026-05-04 15:08:36,Move: left
2026-05-04 15:08:36,Move: left
2026-05-04 15:08:36,Move: left
2026-05-04 15:08:36,Move: left
2026-05-04 15:08:36,Move: left
2026-05-04 15:08:36,Move: left
2026-05-04 15:08:36,Move: left
2026-05-04 15:08:36,Move: left
2026-05-04 15:08:36,Move: left
2026-05-04 15:08:37,Move: left
2026-05-04 15:08:37,Move: left
2026-05-04 15:08:37,Move: left
2026-05-04 15:08:37,Move: left
2026-05-04 15:08:37,Move: left
2026-05-04 15:08:37,Move: left
2026-05-04 15:08:37,Move: left
2026-05-04 15:08:37,Move: left
2026-05-04 15:08:37,Move: left
2026-05-04 15:08:37,Move: left
2026-05-04 15:08:37,Move: left
2026-05-04 15:08:37,Move: left
2026-05-04 15:08:37,Move: left
2026-05-04 15:08:38,Move: left
2026-05-04 15:08:38,Move: left
2026-05-04 15:08:38,Move: left
2026-05-04 15:08:38,Move: left
2026-05-04 15:08:45,Move: left
2026-05-04 15:08:45,Move: left
2026-05-04 15:08:45,Move: left
2026-05-04 15:08:45,Move: left
2026-05-04 15:08:45,Move: left
2026-05-04 15:08:45,Move: left
2026-05-04 15:08:45,Move: left
2026-05-04 15:08:46,Move: left
2026-05-04 15:08:46,Move: left
2026-05-04 15:08:46,Move: left
2026-05-04 15:08:46,Move: left
2026-05-04 15:08:46,Move: left
2026-05-04 15:08:46,Move: left
2026-05-04 15:08:46,Move: right
2026-05-04 15:08:47,Move: right
2026-05-04 15:08:47,Move: right
2026-05-04 15:08:47,Move: right
2026-05-04 15:08:47,Move: right
2026-05-04 15:08:47,Move: right
2026-05-04 15:08:47,Move: right
2026-05-04 15:08:47,Move: left
2026-05-04 15:08:47,Move: left
2026-05-04 15:08:47,Move: left
2026-05-04 15:08:47,Move: left
2026-05-04 15:08:48,Move: left
2026-05-04 15:08:48,Move: left
2026-05-04 15:08:48,Move: left
2026-05-04 15:08:48,Move: left
2026-05-04 15:08:48,Move: left
2026-05-04 15:08:48,Move: left
2026-05-04 15:08:48,Move: left
2026-05-04 15:09:01,Move: left
2026-05-04 15:09:01,Move: left
2026-05-04 15:09:01,Move: left
2026-05-04 15:09:02,Move: left
2026-05-04 15:09:02,Move: left
2026-05-04 15:09:02,Move: left
2026-05-04 15:09:02,Move: left
2026-05-04 15:09:02,Move: left
2026-05-04 15:09:02,Move: left
2026-05-04 15:09:03,Move: right
2026-05-04 15:09:03,Move: right
2026-05-04 15:09:04,Move: right
2026-05-04 15:09:04,Move: right
2026-05-04 15:09:04,Move: right
2026-05-04 15:09:04,Move: right
2026-05-04 15:09:05,Move: backward
2026-05-04 15:09:05,Move: backward
2026-05-04 15:09:05,Move: left
2026-05-04 15:09:05,Move: left
2026-05-04 15:09:05,Move: left
2026-05-04 15:09:05,Move: left
2026-05-04 15:09:06,Move: left
2026-05-04 15:09:06,Move: left
2026-05-04 15:09:09,Move: right
2026-05-04 15:09:09,Move: right
2026-05-04 15:09:09,Move: right
2026-05-04 15:09:09,Move: right
2026-05-04 15:09:09,Move: right
2026-05-04 15:09:10,Move: right
2026-05-04 15:09:10,Move: left
2026-05-04 15:09:10,Move: left
2026-05-04 15:09:11,Move: backward
2026-05-04 15:09:11,Move: backward
2026-05-04 15:09:18,Move: forward
2026-05-04 15:09:18,Move: forward
2026-05-04 15:09:19,Move: forward
2026-05-04 15:09:19,Move: forward
2026-05-04 15:09:19,Move: forward
2026-05-04 15:09:19,Move: forward
2026-05-04 15:09:19,Move: left
2026-05-04 15:09:19,Move: left
2026-05-04 15:09:19,Move: left
2026-05-04 15:09:19,Move: left
2026-05-04 15:09:19,Move: left
2026-05-04 15:09:20,Move: left
2026-05-04 15:09:20,Move: left
2026-05-04 15:09:20,Move: forward
2026-05-04 15:09:20,Move: forward
2026-05-04 15:09:20,Move: forward
2026-05-04 15:09:20,Move: forward
2026-05-04 15:09:20,Move: forward
2026-05-04 15:09:21,Move: forward
2026-05-04 15:09:21,Move: right
2026-05-04 15:09:21,Move: right
2026-05-04 15:09:21,Move: right
2026-05-04 15:09:21,Move: right
2026-05-04 15:09:21,Move: right
2026-05-04 15:09:21,Move: right
2026-05-04 15:09:21,Move: right
2026-05-04 15:09:22,Move: forward
2026-05-04 15:09:22,Move: forward
2026-05-04 15:09:22,Move: forward
2026-05-04 15:09:22,Move: forward
2026-05-04 15:09:22,Move: forward
2026-05-04 15:09:22,Move: forward
2026-05-04 15:09:22,Move: forward
2026-05-04 15:09:22,Move: forward
2026-05-04 15:09:23,Move: forward
2026-05-04 15:09:23,Move: forward
2026-05-04 15:09:23,Move: left
2026-05-04 15:09:23,Move: left
2026-05-04 15:09:24,Move: left
2026-05-04 15:09:24,Move: left
2026-05-04 15:09:24,Move: left
2026-05-04 15:09:24,Move: left
2026-05-04 15:09:24,Move: left
2026-05-04 15:09:24,Move: left
2026-05-04 15:09:24,Move: left
2026-05-04 15:09:24,Move: left
2026-05-04 15:09:24,Move: left
2026-05-04 15:09:25,Move: left
2026-05-04 15:09:25,Move: left
2026-05-04 15:09:25,Move: left
2026-05-04 15:09:25,Move: left
2026-05-04 15:09:25,Move: left
2026-05-04 15:09:25,Move: left
2026-05-04 15:09:25,Move: left
2026-05-04 15:09:26,Move: left
2026-05-04 15:09:26,Move: right
2026-05-04 15:09:26,Move: left
2026-05-04 15:09:27,Move: right
2026-05-04 15:09:27,Move: left
2026-05-04 15:09:27,Move: backward
2026-05-04 15:09:27,Move: right
2026-05-04 15:09:27,Move: left
2026-05-04 15:09:27,Move: backward
2026-05-04 15:09:27,Move: forward
2026-05-04 15:09:28,Move: right
2026-05-04 15:09:28,Move: forward
2026-05-04 15:09:28,Move: left
2026-05-04 15:09:28,Move: right
2026-05-04 15:09:28,Move: forward
2026-05-04 15:09:29,Move: left
2026-05-04 15:09:29,Move: right
2026-05-04 15:09:29,Move: forward
2026-05-04 15:09:29,Move: right
2026-05-04 15:09:29,Move: forward
2026-05-04 15:09:30,Move: forward
2026-05-04 15:09:30,Move: forward
2026-05-04 15:09:31,Move: forward
2026-05-04 15:09:31,Move: forward
2026-05-04 15:09:32,Move: forward
2026-05-04 15:09:32,Move: forward
2026-05-04 15:09:33,Move: forward
2026-05-04 15:09:33,Move: forward
2026-05-04 15:09:34,Move: forward
2026-05-04 15:09:34,Move: forward
2026-05-04 15:09:35,Move: forward
2026-05-04 15:09:35,Move: forward
2026-05-04 15:09:36,Move: forward
2026-05-04 15:09:54,Move: left
2026-05-04 15:09:55,Move: left
2026-05-04 15:09:55,Move: left
2026-05-04 15:09:56,Move: left
2026-05-04 15:09:56,Move: left
2026-05-04 15:09:57,Move: left
2026-05-04 15:09:57,Move: left
2026-05-04 15:09:58,Light ON
2026-05-04 15:09:58,Move: left
2026-05-04 15:09:58,Move: left
2026-05-04 15:09:59,Move: left
2026-05-04 15:10:00,Move: left
2026-05-04 15:10:00,Move: left
2026-05-04 15:10:01,Move: left
2026-05-04 15:10:01,Move: left
2026-05-04 15:10:02,Move: left
2026-05-04 15:11:01,Light ON
2026-05-04 15:11:28,Light OFF
2026-05-04 15:11:29,Light ON
2026-05-04 15:11:29,Light OFF
2026-05-04 15:11:30,Light ON
2026-05-04 15:11:30,Light OFF
2026-05-04 15:11:31,Light ON
2026-05-04 15:11:31,Light OFF
2026-05-04 15:11:32,Light ON
2026-05-04 15:11:34,Light OFF
2026-05-04 15:11:34,Light ON
2026-05-04 15:11:35,Light OFF
2026-05-04 15:11:35,Light ON
2026-05-04 15:11:35,Light OFF
2026-05-04 15:11:36,Light ON
2026-05-04 15:11:36,Light OFF
2026-05-04 15:11:36,Light ON
2026-05-04 15:11:36,Light OFF
2026-05-04 15:11:37,Light ON
2026-05-04 15:11:37,Light OFF
2026-05-04 15:11:37,Light ON
2026-05-04 15:11:37,Light OFF
2026-05-04 15:11:38,Light ON
2026-05-04 15:11:38,Light OFF
2026-05-04 15:11:38,Light ON
2026-05-04 15:11:38,Light OFF
2026-05-04 15:11:39,Light ON
2026-05-04 15:11:44,Move: right
2026-05-04 15:11:44,Move: right
2026-05-04 15:11:47,Move: backward
2026-05-04 15:12:13,Light OFF
2026-05-04 15:12:13,Light ON
2026-05-04 15:12:13,Light OFF
2026-05-04 15:12:14,Light ON
2026-05-04 15:12:14,Light OFF
2026-05-04 15:12:14,Light ON
2026-05-04 15:12:14,Light OFF
2026-05-04 15:12:15,Light ON
2026-05-04 15:12:17,Light OFF
2026-05-04 15:12:17,Light ON
2026-05-04 15:12:19,Light OFF
2026-05-04 15:12:19,Light ON
2026-05-04 15:12:20,Light OFF
2026-05-04 15:12:20,Light ON
2026-05-04 15:12:36,Light OFF
2026-05-04 15:12:36,Light ON
2026-05-04 15:12:37,Light OFF
2026-05-04 15:12:37,Light ON
2026-05-04 15:12:37,Light OFF
2026-05-04 15:12:37,Light ON
2026-05-04 15:12:38,Light OFF
2026-05-04 15:12:38,Light ON
2026-05-04 15:12:38,Light OFF
2026-05-04 15:12:38,Light ON
2026-05-04 15:12:38,Light OFF
2026-05-04 15:12:39,Light ON
2026-05-04 15:12:39,Light OFF
2026-05-04 15:12:39,Light ON
2026-05-04 15:12:39,Light OFF
2026-05-04 15:12:39,Light ON
2026-05-04 15:12:40,Light OFF
2026-05-04 15:12:40,Light ON
2026-05-04 15:12:41,Light OFF
2026-05-04 15:12:41,Light ON
2026-05-04 15:12:44,Light OFF
2026-05-04 15:12:44,Light ON
2026-05-04 15:12:44,Light OFF
2026-05-04 15:12:44,Light ON
2026-05-04 15:12:46,Light OFF
2026-05-04 15:12:47,Light ON
2026-05-04 15:12:47,Light OFF
2026-05-04 15:12:47,Light ON
2026-05-04 15:12:48,Light OFF
2026-05-04 15:12:48,Light ON
2026-05-04 15:13:02,Move: right
2026-05-04 15:13:05,Move: right
2026-05-04 15:13:05,Move: right
2026-05-04 15:13:06,Move: right
2026-05-04 15:13:06,Move: right
2026-05-04 15:13:06,Move: right
2026-05-04 15:13:06,Move: right
2026-05-04 15:13:07,Move: left
2026-05-04 15:13:07,Move: left
2026-05-04 15:13:09,Move: backward
2026-05-04 15:13:10,Move: forward
2026-05-04 15:13:10,Move: forward
2026-05-04 15:13:12,Light OFF
2026-05-04 15:13:13,Light ON
2026-05-04 15:13:13,Light OFF
2026-05-04 15:13:13,Light ON
2026-05-04 15:13:13,Light OFF
2026-05-04 15:13:13,Light ON
2026-05-04 15:13:14,Light OFF
2026-05-04 15:13:14,Light ON
2026-05-04 15:13:14,Light OFF
2026-05-04 15:13:14,Light ON
2026-05-04 15:13:14,Light OFF
2026-05-04 15:13:14,Light ON
2026-05-04 15:13:14,Light OFF
2026-05-04 15:13:15,Light ON
2026-05-04 15:13:15,Light OFF
2026-05-04 15:13:15,Light ON
2026-05-04 15:13:15,Light OFF
2026-05-04 15:13:15,Light ON
2026-05-04 15:13:15,Light OFF
2026-05-04 15:13:16,Light ON
2026-05-04 15:13:16,Light OFF
2026-05-04 15:13:16,Light ON
2026-05-04 15:13:16,Light OFF
2026-05-04 15:13:16,Light ON
2026-05-04 15:13:16,Light OFF
2026-05-04 15:13:17,Light ON
2026-05-04 15:13:17,Light OFF
2026-05-04 15:13:17,Light ON
2026-05-04 15:13:17,Light OFF
2026-05-04 15:13:17,Light ON
2026-05-04 15:13:17,Light OFF
2026-05-04 15:13:18,Light ON
2026-05-04 15:13:18,Light OFF
2026-05-04 15:13:18,Light ON
2026-05-04 15:13:18,Light OFF
2026-05-04 15:13:18,Light ON
2026-05-04 15:13:18,Light OFF
2026-05-04 15:13:18,Light ON
2026-05-04 15:13:19,Light OFF
2026-05-04 15:13:19,Light ON
2026-05-04 15:13:19,Light OFF
2026-05-04 15:13:19,Light ON
2026-05-04 15:13:19,Light OFF
2026-05-04 15:13:20,Light ON
2026-05-04 15:13:20,Light OFF
2026-05-04 15:13:20,Light ON
2026-05-04 15:13:20,Light OFF
2026-05-04 15:13:20,Light ON
2026-05-04 15:13:20,Light OFF
2026-05-04 15:13:21,Light ON
2026-05-04 15:13:21,Light OFF
2026-05-04 15:13:21,Light ON
2026-05-04 15:13:21,Light OFF
2026-05-04 15:13:21,Light ON
2026-05-04 15:13:21,Light OFF
2026-05-04 15:13:22,Light ON
2026-05-04 15:13:22,Light OFF
2026-05-04 15:13:22,Light ON
2026-05-04 15:13:22,Light OFF
2026-05-04 15:13:22,Light ON
2026-05-04 15:13:22,Light OFF
2026-05-04 15:13:23,Light ON
2026-05-04 15:13:23,Light OFF
2026-05-04 15:13:23,Light ON
2026-05-04 15:13:23,Light OFF
2026-05-04 15:13:23,Light ON
2026-05-04 15:13:23,Light OFF
2026-05-04 15:13:24,Light ON
2026-05-04 15:13:24,Light OFF
2026-05-04 15:13:24,Light ON
2026-05-04 15:13:24,Light OFF
2026-05-04 15:13:25,Light ON
2026-05-04 15:13:28,Move: right
2026-05-04 15:13:28,Move: right
2026-05-04 15:13:29,Move: backward
2026-05-04 15:13:30,Move: right
2026-05-04 15:13:30,Move: right
2026-05-04 15:13:30,Move: right
2026-05-04 15:13:31,Move: right
2026-05-04 15:13:31,Move: right
2026-05-04 15:13:31,Move: backward
2026-05-04 15:13:31,Move: backward
2026-05-04 15:13:31,Move: right
2026-05-04 15:13:32,Move: right
2026-05-04 15:13:38,Move: backward
2026-05-04 15:13:38,Move: backward
2026-05-04 15:13:39,Move: forward
2026-05-04 15:13:56,Move: left
2026-05-04 15:14:02,Light OFF
2026-05-04 15:14:02,Light ON
2026-05-04 15:14:02,Light OFF
2026-05-04 15:14:03,Light ON
2026-05-04 15:14:03,Light OFF
2026-05-04 15:14:03,Light ON
2026-05-04 15:14:03,Light OFF
2026-05-04 15:14:03,Light ON
2026-05-04 15:14:04,Light OFF
2026-05-04 15:14:04,Light ON
2026-05-04 15:14:04,Light OFF
2026-05-04 15:14:05,Light ON
2026-05-04 15:14:14,Move: right
2026-05-04 15:14:14,Move: right
2026-05-04 15:14:16,Light OFF
2026-05-04 15:14:16,Light ON
2026-05-04 15:14:17,Light OFF
2026-05-04 15:14:17,Light ON
2026-05-04 15:14:17,Light OFF
2026-05-04 15:14:17,Light ON
2026-05-04 15:14:17,Light OFF
2026-05-04 15:14:17,Light ON
2026-05-04 15:14:17,Light OFF
2026-05-04 15:14:18,Light ON
2026-05-04 15:14:18,Light OFF
2026-05-04 15:14:18,Light ON
2026-05-04 15:14:18,Light OFF
2026-05-04 15:14:18,Light ON
2026-05-04 15:14:23,Light OFF
2026-05-04 15:14:23,Light ON
2026-05-04 15:14:23,Light OFF
2026-05-04 15:14:23,Light ON
2026-05-04 15:14:24,Light OFF
2026-05-04 15:14:24,Light ON
2026-05-04 15:14:26,Move: backward
2026-05-04 15:14:27,Move: forward
2026-05-04 15:14:27,Move: forward
2026-05-04 15:14:27,Move: forward
2026-05-04 15:14:27,Move: forward
2026-05-04 15:14:27,Move: forward
2026-05-04 15:14:27,Move: forward
2026-05-04 15:14:27,Move: forward
2026-05-04 15:14:27,Move: forward
2026-05-04 15:14:28,Move: forward
2026-05-04 15:14:28,Move: forward
2026-05-04 15:14:28,Move: forward
2026-05-04 15:14:28,Move: backward
2026-05-04 15:14:28,Move: backward
2026-05-04 15:14:28,Move: backward
2026-05-04 15:14:28,Move: backward
2026-05-04 15:14:29,Move: right
2026-05-04 15:14:29,Move: right
2026-05-04 15:14:29,Move: right
2026-05-04 15:14:30,Move: right
2026-05-04 15:14:30,Move: right
2026-05-04 15:14:30,Move: right
2026-05-04 15:14:30,Move: right
2026-05-04 15:14:30,Move: right
2026-05-04 15:14:30,Move: right
2026-05-04 15:14:30,Move: right
2026-05-04 15:14:30,Move: right
2026-05-04 15:14:30,Move: right
2026-05-04 15:14:31,Move: right
2026-05-04 15:14:31,Move: right
2026-05-04 15:14:31,Move: right
2026-05-04 15:14:31,Move: right
2026-05-04 15:14:31,Move: right
2026-05-04 15:14:31,Move: right
2026-05-04 15:14:32,Move: forward
2026-05-04 15:14:32,Move: forward
2026-05-04 15:14:32,Move: forward
2026-05-04 15:14:32,Move: forward
2026-05-04 15:14:32,Move: forward
2026-05-04 15:14:32,Move: forward
2026-05-04 15:14:32,Move: forward
2026-05-04 15:14:33,Move: forward
2026-05-04 15:14:33,Move: forward
2026-05-04 15:14:33,Move: forward
2026-05-04 15:14:34,Move: forward
2026-05-04 15:14:34,Move: forward
2026-05-04 15:14:34,Move: forward
2026-05-04 15:14:34,Move: forward
2026-05-04 15:14:34,Move: forward
2026-05-04 15:14:34,Move: forward
2026-05-04 15:14:35,Move: forward
2026-05-04 15:14:35,Move: forward
2026-05-04 15:14:35,Move: forward
2026-05-04 15:14:35,Move: forward
2026-05-04 15:14:35,Move: forward
2026-05-04 15:14:35,Move: left
2026-05-04 15:14:35,Move: left
2026-05-04 15:14:35,Move: left
2026-05-04 15:14:35,Move: left
2026-05-04 15:14:35,Move: left
2026-05-04 15:14:35,Move: left
2026-05-04 15:14:36,Move: forward
2026-05-04 15:14:36,Move: forward
2026-05-04 15:14:36,Move: forward
2026-05-04 15:14:36,Move: forward
2026-05-04 15:14:36,Move: forward
2026-05-04 15:14:37,Move: forward
2026-05-04 15:14:37,Move: forward
2026-05-04 15:14:37,Move: forward
2026-05-04 15:14:37,Move: forward
2026-05-04 15:14:37,Move: forward
2026-05-04 15:14:37,Move: forward
2026-05-04 15:14:37,Move: forward
2026-05-04 15:14:37,Move: forward
2026-05-04 15:14:37,Move: forward
2026-05-04 15:14:37,Move: forward
2026-05-04 15:14:37,Move: forward
2026-05-04 15:14:37,Move: forward
2026-05-04 15:14:38,Move: forward
2026-05-04 15:14:38,Move: left
2026-05-04 15:14:38,Move: left
2026-05-04 15:14:38,Move: left
2026-05-04 15:14:38,Move: left
2026-05-04 15:14:38,Move: left
2026-05-04 15:14:38,Move: left
2026-05-04 15:14:38,Move: left
2026-05-04 15:14:38,Move: left
2026-05-04 15:14:39,Move: forward
2026-05-04 15:14:39,Move: forward
2026-05-04 15:14:39,Move: forward
2026-05-04 15:14:39,Move: forward
2026-05-04 15:14:39,Move: forward
2026-05-04 15:14:39,Move: forward
2026-05-04 15:14:40,Move: forward
2026-05-04 15:14:40,Move: forward
2026-05-04 15:14:40,Move: forward
2026-05-04 15:14:40,Move: forward
2026-05-04 15:14:40,Move: forward
2026-05-04 15:14:40,Move: forward
2026-05-04 15:14:40,Move: forward
2026-05-04 15:14:40,Move: forward
2026-05-04 15:14:40,Move: forward
2026-05-04 15:14:40,Move: forward
2026-05-04 15:14:40,Move: forward
2026-05-04 15:14:41,Move: right
2026-05-04 15:14:41,Move: right
2026-05-04 15:14:41,Move: right
2026-05-04 15:14:41,Move: right
2026-05-04 15:14:41,Move: right
2026-05-04 15:14:41,Move: right
2026-05-04 15:14:41,Move: right
2026-05-04 15:14:41,Move: right
2026-05-04 15:14:42,Move: left
2026-05-04 15:14:42,Move: left
2026-05-04 15:14:42,Move: left
2026-05-04 15:14:42,Move: left
2026-05-04 15:14:44,Move: left
2026-05-04 15:14:44,Move: left
2026-05-04 15:14:44,Move: left
2026-05-04 15:14:45,Move: left
2026-05-04 15:14:45,Move: left
2026-05-04 15:14:45,Move: left
2026-05-04 15:14:45,Move: left
2026-05-04 15:14:45,Move: left
2026-05-04 15:14:45,Move: left
2026-05-04 15:14:45,Move: left
2026-05-04 15:14:45,Move: left
2026-05-04 15:14:45,Move: left
2026-05-04 15:14:45,Move: left
2026-05-04 15:14:45,Move: left
2026-05-04 15:14:46,Move: left
2026-05-04 15:14:46,Move: left
2026-05-04 15:14:46,Move: backward
2026-05-04 15:14:47,Move: forward
2026-05-04 15:14:47,Move: forward
2026-05-04 15:14:47,Move: forward
2026-05-04 15:14:47,Move: forward
2026-05-04 15:14:47,Move: forward
2026-05-04 15:14:47,Move: forward
2026-05-04 15:14:48,Move: right
2026-05-04 15:14:48,Move: right
2026-05-04 15:14:48,Move: backward
2026-05-04 15:14:49,Move: forward
2026-05-04 15:14:50,Move: forward
2026-05-04 15:14:50,Move: forward
2026-05-04 15:14:50,Move: forward
2026-05-04 15:14:50,Move: left
2026-05-04 15:14:50,Move: left
2026-05-04 15:14:51,Move: left
2026-05-04 15:14:51,Move: left
2026-05-04 15:14:51,Move: left
2026-05-04 15:14:51,Move: left
2026-05-04 15:14:51,Move: left
2026-05-04 15:14:51,Move: left
2026-05-04 15:14:52,Move: backward
2026-05-04 15:14:52,Move: backward
2026-05-04 15:14:52,Move: forward
2026-05-04 15:14:52,Move: forward
2026-05-04 15:14:52,Move: forward
2026-05-04 15:14:52,Move: forward
2026-05-04 15:14:52,Move: forward
2026-05-04 15:14:53,Move: left
2026-05-04 15:14:53,Move: left
2026-05-04 15:14:53,Move: left
2026-05-04 15:14:53,Move: left
2026-05-04 15:14:53,Move: left
2026-05-04 15:14:53,Move: left
2026-05-04 15:14:53,Move: left
2026-05-04 15:14:53,Move: left
2026-05-04 15:14:54,Move: forward
2026-05-04 15:14:54,Move: forward
2026-05-04 15:14:54,Move: forward
2026-05-04 15:14:54,Move: forward
2026-05-04 15:14:54,Move: forward
2026-05-04 15:14:54,Move: forward
2026-05-04 15:14:57,Move: forward
2026-05-04 15:14:57,Move: forward
2026-05-04 15:14:57,Move: forward
2026-05-04 15:14:58,Move: forward
2026-05-04 15:14:58,Move: forward
2026-05-04 15:14:58,Move: forward
2026-05-04 15:14:58,Move: forward
2026-05-04 15:14:58,Move: forward
2026-05-04 15:14:58,Move: forward
2026-05-04 15:14:58,Move: forward
2026-05-04 15:14:58,Move: forward
2026-05-04 15:14:58,Move: right
2026-05-04 15:14:59,Move: backward
2026-05-04 15:14:59,Move: backward
2026-05-04 15:15:00,Move: left
2026-05-04 15:15:01,Move: left
2026-05-04 15:15:01,Move: left
2026-05-04 15:15:01,Move: left
2026-05-04 15:15:01,Move: left
2026-05-04 15:15:01,Move: left
2026-05-04 15:15:01,Move: left
2026-05-04 15:15:01,Move: left
2026-05-04 15:15:02,Move: left
2026-05-04 15:15:02,Move: left
2026-05-04 15:15:02,Move: left
2026-05-04 15:15:02,Move: left
2026-05-04 15:15:02,Move: left
2026-05-04 15:15:03,Move: forward
2026-05-04 15:15:03,Move: forward
2026-05-04 15:15:03,Move: forward
2026-05-04 15:15:03,Move: forward
2026-05-04 15:15:03,Move: forward
2026-05-04 15:15:03,Move: forward
2026-05-04 15:15:04,Move: forward
2026-05-04 15:15:04,Move: forward
2026-05-04 15:15:04,Move: forward
2026-05-04 15:15:04,Move: forward
2026-05-04 15:15:04,Move: forward
2026-05-04 15:15:04,Move: forward
2026-05-04 15:15:04,Move: forward
2026-05-04 15:15:04,Move: forward
2026-05-04 15:15:04,Move: forward
2026-05-04 15:15:04,Move: forward
2026-05-04 15:15:04,Move: forward
2026-05-04 15:15:04,Move: forward
2026-05-04 15:15:15,Move: forward
2026-05-04 15:15:15,Move: forward
2026-05-04 15:15:16,Move: forward
2026-05-04 15:15:16,Move: forward
2026-05-04 15:15:16,Move: forward
2026-05-04 15:15:16,Move: forward
2026-05-04 15:15:16,Move: forward
2026-05-04 15:15:16,Move: forward
2026-05-04 15:15:16,Move: forward
2026-05-04 15:15:16,Move: forward
2026-05-04 15:15:16,Move: forward
2026-05-04 15:15:16,Move: forward
2026-05-04 15:15:17,Move: forward
2026-05-04 15:15:17,Move: forward
2026-05-04 15:15:17,Move: forward
2026-05-04 15:15:17,Move: forward
2026-05-04 15:15:17,Move: forward
2026-05-04 15:15:17,Move: forward
2026-05-04 15:15:17,Move: forward
2026-05-04 15:15:18,Move: forward
2026-05-04 15:15:18,Move: forward
2026-05-04 15:15:18,Move: forward
2026-05-04 15:15:18,Move: forward
2026-05-04 15:15:18,Move: forward
2026-05-04 15:15:18,Move: forward
2026-05-04 15:15:19,Move: forward
2026-05-04 15:15:20,Move: forward
2026-05-04 15:15:20,Move: forward
2026-05-04 15:15:21,Move: forward
2026-05-04 15:15:21,Move: forward
2026-05-04 15:15:21,Move: forward
2026-05-04 15:15:21,Move: forward
2026-05-04 15:15:21,Move: forward
2026-05-04 15:15:21,Move: forward
2026-05-04 15:15:23,Move: backward
2026-05-04 15:15:23,Move: backward
2026-05-04 15:15:23,Move: backward
2026-05-04 15:15:23,Move: backward
2026-05-04 15:15:24,Move: backward
2026-05-04 15:15:24,Move: backward
2026-05-04 15:15:24,Move: backward
2026-05-04 15:15:24,Move: backward
2026-05-04 15:15:24,Move: backward
2026-05-04 15:15:24,Move: backward
2026-05-04 15:15:24,Move: backward
2026-05-04 15:15:24,Move: backward
2026-05-04 15:15:24,Move: backward
2026-05-04 15:15:24,Move: backward
2026-05-04 15:15:24,Move: backward
2026-05-04 15:15:25,Move: left
2026-05-04 15:15:25,Move: left
2026-05-04 15:15:25,Move: left
2026-05-04 15:15:25,Move: left
2026-05-04 15:15:26,Move: forward
2026-05-04 15:15:26,Move: forward
2026-05-04 15:15:26,Move: forward
2026-05-04 15:15:26,Move: forward
2026-05-04 15:15:26,Move: forward
2026-05-04 15:15:26,Move: forward
2026-05-04 15:15:27,Move: forward
2026-05-04 15:15:27,Move: forward
2026-05-04 15:15:27,Move: forward
2026-05-04 15:15:27,Move: forward
2026-05-04 15:15:27,Move: forward
2026-05-04 15:15:27,Move: forward
2026-05-04 15:15:27,Move: forward
2026-05-04 15:15:27,Move: forward
2026-05-04 15:15:28,Move: left
2026-05-04 15:15:28,Move: left
2026-05-04 15:15:28,Move: backward
2026-05-04 15:15:28,Move: backward
2026-05-04 15:15:36,Light OFF
2026-05-04 15:15:38,Light ON
2026-05-04 15:15:39,Light OFF
2026-05-04 15:16:00,Move: backward
2026-05-04 15:16:00,Move: backward
2026-05-04 15:16:01,Move: backward
2026-05-04 15:16:01,Move: backward
2026-05-04 15:16:02,Move: right
2026-05-04 15:16:02,Move: backward
2026-05-04 15:16:02,Move: right
2026-05-04 15:16:02,Move: left
2026-05-04 15:16:02,Move: backward
2026-05-04 15:16:03,Move: right
2026-05-04 15:16:03,Move: left
2026-05-04 15:16:03,Move: backward
2026-05-04 15:16:03,Move: right
2026-05-04 15:16:03,Move: left
2026-05-04 15:16:03,Move: backward
2026-05-04 15:16:04,Move: right
2026-05-04 15:16:04,Move: backward
2026-05-04 15:16:04,Move: backward
2026-05-04 15:16:05,Move: backward
2026-05-04 15:16:29,Move: backward
2026-05-04 15:16:29,Move: backward
2026-05-04 15:16:29,Move: backward
2026-05-04 15:16:29,Move: backward
2026-05-04 15:16:29,Move: backward
2026-05-04 15:16:29,Move: backward
2026-05-04 15:16:29,Move: backward
2026-05-04 15:16:30,Move: forward
2026-05-04 15:16:46,Move: forward
2026-05-04 15:16:46,Move: forward
2026-05-04 15:16:46,Move: forward
2026-05-04 15:16:46,Move: forward
2026-05-04 15:16:46,Move: forward
2026-05-04 15:16:46,Move: left
2026-05-04 15:16:46,Move: left
2026-05-04 15:16:46,Move: left
2026-05-04 15:16:47,Move: left
2026-05-04 15:16:47,Move: left
2026-05-04 15:16:47,Move: forward
2026-05-04 15:16:47,Move: forward
2026-05-04 15:16:47,Move: forward
2026-05-04 15:16:47,Move: forward
2026-05-04 15:16:47,Move: forward
2026-05-04 15:16:47,Move: left
2026-05-04 15:16:47,Move: left
2026-05-04 15:16:47,Move: left
2026-05-04 15:16:47,Move: left
2026-05-04 15:16:47,Move: left
2026-05-04 15:16:48,Move: left
2026-05-04 15:16:48,Move: forward
2026-05-04 15:16:48,Move: forward
2026-05-04 15:16:48,Move: forward
2026-05-04 15:16:48,Move: forward
2026-05-04 15:16:48,Move: forward
2026-05-04 15:16:48,Move: left
2026-05-04 15:16:48,Move: left
2026-05-04 15:16:48,Move: left
2026-05-04 15:16:48,Move: left
2026-05-04 15:16:49,Move: right
2026-05-04 15:16:49,Move: right
2026-05-04 15:16:49,Move: forward
2026-05-04 15:16:49,Move: forward
2026-05-04 15:16:49,Move: forward
2026-05-04 15:16:49,Move: forward
2026-05-04 15:16:50,Move: forward
2026-05-04 15:16:50,Move: forward
2026-05-04 15:16:50,Move: forward
2026-05-04 15:16:50,Move: forward
2026-05-04 15:16:50,Move: forward
2026-05-04 15:16:50,Move: forward
2026-05-04 15:16:50,Move: forward
2026-05-04 15:16:50,Move: forward
2026-05-04 15:16:50,Move: forward
2026-05-04 15:16:50,Move: forward
2026-05-04 15:16:50,Move: forward
2026-05-04 15:16:50,Move: forward
2026-05-04 15:16:51,Move: backward
2026-05-04 15:16:51,Move: backward
2026-05-04 15:16:51,Move: backward
2026-05-04 15:16:52,Move: backward
2026-05-04 15:16:52,Move: backward
2026-05-04 15:16:52,Move: backward
2026-05-04 15:16:52,Move: backward
2026-05-04 15:16:52,Move: backward
2026-05-04 15:16:52,Move: backward
2026-05-04 15:16:52,Move: backward
2026-05-04 15:16:52,Move: backward
2026-05-04 15:16:52,Move: backward
2026-05-04 15:16:52,Move: backward
2026-05-04 15:16:52,Move: backward
2026-05-04 15:16:53,Move: backward
2026-05-04 15:16:53,Move: backward
2026-05-04 15:16:53,Move: backward
2026-05-04 15:16:53,Move: backward
2026-05-04 15:16:53,Move: backward
2026-05-04 15:16:54,Move: backward
2026-05-04 15:16:54,Move: backward
2026-05-04 15:16:54,Move: backward
2026-05-04 15:16:54,Move: backward
2026-05-04 15:16:55,Move: backward
2026-05-04 15:16:55,Move: backward
2026-05-04 15:16:55,Move: backward
2026-05-04 15:16:55,Move: backward
2026-05-04 15:16:55,Move: backward
2026-05-04 15:16:55,Move: backward
2026-05-04 15:16:56,Move: backward
2026-05-04 15:16:56,Move: right
2026-05-04 15:16:56,Move: right
2026-05-04 15:16:56,Move: right
2026-05-04 15:16:56,Move: right
2026-05-04 15:17:44,Move: forward
2026-05-04 15:17:45,Move: forward
2026-05-04 15:17:45,Move: forward
2026-05-04 15:17:45,Move: forward
2026-05-04 15:17:45,Move: forward
2026-05-04 15:17:45,Move: right
2026-05-04 15:17:45,Move: right
2026-05-04 15:17:45,Move: right
2026-05-04 15:17:45,Move: right
2026-05-04 15:17:45,Move: right
2026-05-04 15:17:45,Move: right
2026-05-04 15:17:46,Move: right
2026-05-04 15:17:46,Move: right
2026-05-04 15:17:46,Move: right
2026-05-04 15:17:46,Move: forward
2026-05-04 15:17:46,Move: forward
2026-05-04 15:17:46,Move: forward
2026-05-04 15:17:46,Move: forward
2026-05-04 15:17:46,Move: forward
2026-05-04 15:17:46,Move: forward
2026-05-04 15:17:46,Move: forward
2026-05-04 15:17:46,Move: forward
2026-05-04 15:17:46,Move: forward
2026-05-04 15:17:47,Move: left
2026-05-04 15:17:47,Move: left
2026-05-04 15:17:47,Move: left
2026-05-04 15:17:47,Move: left
2026-05-04 15:17:47,Move: right
2026-05-04 15:17:47,Move: right
2026-05-04 15:17:47,Move: right
2026-05-04 15:17:47,Move: right
2026-05-04 15:17:48,Move: right
2026-05-04 15:17:48,Move: right
2026-05-04 15:17:48,Move: right
2026-05-04 15:17:48,Move: right
2026-05-04 15:17:48,Move: right
2026-05-04 15:17:49,Move: right
2026-05-04 15:17:49,Move: left
2026-05-04 15:17:49,Move: left
2026-05-04 15:17:49,Move: left
2026-05-04 15:17:49,Move: backward
2026-05-04 15:17:49,Move: backward
2026-05-04 15:17:49,Move: backward
2026-05-04 15:17:50,Move: backward
2026-05-04 15:17:50,Move: backward
2026-05-04 15:17:50,Move: backward
2026-05-04 15:17:50,Move: forward
2026-05-04 15:17:50,Move: forward
2026-05-04 15:17:50,Move: forward
2026-05-04 15:17:50,Move: forward
2026-05-04 15:17:50,Move: forward
2026-05-04 15:17:50,Move: forward
2026-05-04 15:17:50,Move: right
2026-05-04 15:17:50,Move: forward
2026-05-04 15:17:51,Move: backward
2026-05-04 15:17:51,Move: backward
2026-05-04 15:17:51,Move: backward
2026-05-04 15:17:51,Move: backward
2026-05-04 15:17:51,Move: backward
2026-05-04 15:17:52,Move: right
2026-05-04 15:17:52,Move: right
2026-05-04 15:17:52,Move: right
2026-05-04 15:17:52,Move: left
2026-05-04 15:17:53,Move: left
2026-05-04 15:17:53,Move: left
2026-05-04 15:17:53,Move: left
2026-05-04 15:17:53,Move: left
2026-05-04 15:17:53,Move: left
2026-05-04 15:17:53,Move: right
2026-05-04 15:17:53,Move: right
2026-05-04 15:17:53,Move: right
2026-05-04 15:17:54,Move: right
2026-05-04 15:17:54,Move: right
2026-05-04 15:17:54,Move: right
2026-05-04 15:17:54,Move: right
2026-05-04 15:17:54,Move: right
2026-05-04 15:17:54,Move: right
2026-05-04 15:17:54,Move: forward
2026-05-04 15:17:55,Move: forward
2026-05-04 15:17:55,Move: forward
2026-05-04 15:17:56,Move: backward
2026-05-04 15:17:56,Move: backward
2026-05-04 15:17:56,Move: backward
2026-05-04 15:17:56,Move: backward
2026-05-04 15:17:56,Move: backward
2026-05-04 15:17:56,Move: backward
2026-05-04 15:17:56,Move: backward
2026-05-04 15:17:56,Move: backward
2026-05-04 15:17:56,Move: backward
2026-05-04 15:17:56,Move: backward
2026-05-04 15:17:56,Move: backward
2026-05-04 15:17:57,Move: backward
2026-05-04 15:17:57,Move: right
2026-05-04 15:17:57,Move: right
2026-05-04 15:17:57,Move: right
2026-05-04 15:17:57,Move: right
2026-05-04 15:17:57,Move: right
2026-05-04 15:17:57,Move: right
2026-05-04 15:17:57,Move: right
2026-05-04 15:17:57,Move: right
2026-05-04 15:17:58,Move: right
2026-05-04 15:17:58,Move: right
2026-05-04 15:17:58,Move: right
2026-05-04 15:17:58,Move: right
2026-05-04 15:17:58,Move: right
2026-05-04 15:17:58,Move: right
2026-05-04 15:17:58,Move: right
2026-05-04 15:17:58,Move: right
2026-05-04 15:17:58,Move: forward
2026-05-04 15:17:58,Move: forward
2026-05-04 15:17:59,Move: forward
2026-05-04 15:17:59,Move: left
2026-05-04 15:17:59,Move: left
2026-05-04 15:17:59,Move: left
2026-05-04 15:17:59,Move: backward
2026-05-04 15:17:59,Move: backward
2026-05-04 15:17:59,Move: backward
2026-05-04 15:17:59,Move: left
2026-05-04 15:18:00,Move: left
2026-05-04 15:18:00,Move: left
2026-05-04 15:18:00,Move: left
2026-05-04 15:18:00,Move: left
2026-05-04 15:18:01,Move: left
2026-05-04 15:18:01,Move: left
2026-05-04 15:18:01,Move: left
2026-05-04 15:18:01,Move: right
2026-05-04 15:18:01,Move: right
2026-05-04 15:18:01,Move: right
2026-05-04 15:18:01,Move: right
2026-05-04 15:18:02,Move: right
2026-05-04 15:18:02,Move: right
2026-05-04 15:18:02,Move: right
2026-05-04 15:18:02,Move: right
2026-05-04 15:18:02,Move: right
2026-05-04 15:18:02,Move: right
2026-05-04 15:18:02,Move: right
2026-05-04 15:18:03,Move: left
2026-05-04 15:18:03,Move: left
2026-05-04 15:18:03,Move: left
2026-05-04 15:18:03,Move: left
2026-05-04 15:18:03,Move: left
2026-05-04 15:18:04,Move: forward
2026-05-04 15:18:04,Move: forward
2026-05-04 15:18:04,Move: right
2026-05-04 15:18:04,Move: right
2026-05-04 15:18:04,Move: forward
2026-05-04 15:18:04,Move: forward
2026-05-04 15:18:05,Move: forward
2026-05-04 15:18:05,Move: forward
2026-05-04 15:18:05,Move: forward
2026-05-04 15:18:05,Move: left
2026-05-04 15:18:05,Move: left
2026-05-04 15:18:05,Move: forward
2026-05-04 15:18:05,Move: forward
2026-05-04 15:18:05,Move: forward
2026-05-04 15:18:06,Move: forward
2026-05-04 15:18:06,Move: right
2026-05-04 15:18:06,Move: right
2026-05-04 15:18:06,Move: forward
2026-05-04 15:18:06,Move: forward
2026-05-04 15:18:06,Move: forward
2026-05-04 15:18:07,Move: forward
2026-05-04 15:18:07,Move: forward
2026-05-04 15:18:07,Move: forward
2026-05-04 15:18:07,Move: forward
2026-05-04 15:18:07,Move: forward
2026-05-04 15:18:07,Move: forward
2026-05-04 15:18:07,Move: forward
2026-05-04 15:18:08,Move: forward
2026-05-04 15:18:08,Move: forward
2026-05-04 15:18:08,Move: forward
2026-05-04 15:18:08,Move: forward
2026-05-04 15:18:08,Move: forward
2026-05-04 15:18:08,Move: forward
2026-05-04 15:18:08,Move: forward
2026-05-04 15:18:08,Move: forward
2026-05-04 15:18:08,Move: forward
2026-05-04 15:18:08,Move: forward
2026-05-04 15:18:08,Move: forward
2026-05-04 15:18:08,Move: forward
2026-05-04 15:18:09,Move: forward
2026-05-04 15:18:09,Move: forward
2026-05-04 15:18:09,Move: forward
2026-05-04 15:18:09,Move: forward
2026-05-04 15:18:09,Move: forward
2026-05-04 15:18:09,Move: forward
2026-05-04 15:18:09,Move: forward
2026-05-04 15:18:09,Move: forward
2026-05-04 15:18:09,Move: forward
2026-05-04 15:18:09,Move: forward
2026-05-04 15:18:09,Move: forward
2026-05-04 15:18:09,Move: forward
2026-05-04 15:18:10,Move: forward
2026-05-04 15:18:10,Move: forward
2026-05-04 15:18:10,Move: forward
2026-05-04 15:18:10,Move: forward
2026-05-04 15:18:10,Move: forward
2026-05-04 15:18:10,Move: forward
2026-05-04 15:18:10,Move: forward
2026-05-04 15:18:10,Move: forward
2026-05-04 15:18:10,Move: forward
2026-05-04 15:18:10,Move: forward
2026-05-04 15:18:10,Move: forward
2026-05-04 15:18:10,Move: forward
2026-05-04 15:18:10,Move: forward
2026-05-04 15:18:11,Move: forward
2026-05-04 15:18:11,Move: forward
2026-05-04 15:18:11,Move: forward
2026-05-04 15:18:11,Move: forward
2026-05-04 15:18:16,Move: backward
2026-05-04 15:18:16,Move: backward
2026-05-04 15:18:17,Move: backward
2026-05-04 15:18:17,Move: backward
2026-05-04 15:18:17,Move: right
2026-05-04 15:18:17,Move: right
2026-05-04 15:18:17,Move: right
2026-05-04 15:18:17,Move: backward
2026-05-04 15:18:18,Move: backward
2026-05-04 15:18:18,Move: backward
2026-05-04 15:18:18,Move: backward
2026-05-04 15:18:18,Move: backward
2026-05-04 15:18:18,Move: backward
2026-05-04 15:18:18,Move: backward
2026-05-04 15:18:18,Move: backward
2026-05-04 15:18:18,Move: backward
2026-05-04 15:18:19,Move: left
2026-05-04 15:18:19,Move: left
2026-05-04 15:18:19,Move: left
2026-05-04 15:18:19,Move: left
2026-05-04 15:18:20,Move: backward
2026-05-04 15:18:20,Move: backward
2026-05-04 15:18:20,Move: backward
2026-05-04 15:18:20,Move: backward
2026-05-04 15:18:20,Move: backward
2026-05-04 15:18:20,Move: backward
2026-05-04 15:18:20,Move: backward
2026-05-04 15:18:20,Move: backward
2026-05-04 15:18:20,Move: backward
2026-05-04 15:18:22,Move: right
2026-05-04 15:18:22,Move: right
2026-05-04 15:18:22,Move: left
2026-05-04 15:18:23,Move: backward
2026-05-04 15:18:23,Move: right
2026-05-04 15:18:23,Move: left
2026-05-04 15:18:23,Move: forward
2026-05-04 15:18:23,Move: backward
2026-05-04 15:18:23,Move: left
2026-05-04 15:18:24,Move: forward
2026-05-04 15:18:24,Move: left
2026-05-04 15:18:24,Move: forward
2026-05-04 15:18:25,Move: forward
2026-05-04 15:18:25,Move: forward
2026-05-04 15:18:26,Move: forward
2026-05-04 15:18:26,Move: forward
2026-05-04 15:18:26,Move: left
2026-05-04 15:18:27,Move: forward
2026-05-04 15:18:27,Move: forward
2026-05-04 15:18:28,Move: forward
2026-05-04 15:18:28,Move: forward
2026-05-04 15:18:29,Move: forward
2026-05-04 15:18:29,Move: forward
2026-05-04 15:18:30,Move: forward
2026-05-04 15:18:30,Move: forward
2026-05-04 15:18:31,Move: forward
2026-05-04 15:18:31,Move: forward
2026-05-04 15:18:32,Move: forward
2026-05-04 15:18:32,Move: forward
2026-05-05 13:31:05,Failed to resolve ESP32 CAM via mDNS: [Errno 11001] getaddrinfo failed
2026-05-05 13:31:13,Failed to resolve ESP32 CAR via mDNS: [Errno 11001] getaddrinfo failed
2026-05-05 13:31:13,Server started
2026-05-05 13:33:21,Server stopped
2026-05-06 01:36:12,Failed to resolve ESP32 CAM via mDNS: [Errno 11001] getaddrinfo failed
2026-05-06 01:36:19,Failed to resolve ESP32 CAR via mDNS: [Errno 11001] getaddrinfo failed
2026-05-06 01:36:19,Server started
